{"Version":1,"ManifestType":"Publish","Endpoints":[{"Route":"MauiBlazorFrame_KupaKuper_Shared.0v2nmuw7mk.styles.css","AssetFile":"MauiBlazorFrame_KupaKuper_Shared.styles.css","Selectors":[],"ResponseHeaders":[{"Name":"Accept-Ranges","Value":"bytes"},{"Name":"Cache-Control","Value":"max-age=31536000, immutable"},{"Name":"Content-Length","Value":"55228"},{"Name":"Content-Type","Value":"text/css"},{"Name":"ETag","Value":"\"PDwPwTTwR9YTvuH2T1Q0vpwm2guNh/Dz4+Hj1xg7EkY=\""},{"Name":"Last-Modified","Value":"Thu, 31 Jul 2025 00:33:26 GMT"},{"Name":"Link","Value":"<_content/KupaKuper_BlazorUI/KupaKuper_BlazorUI.ywgprjus50.bundle.scp.css>; rel=\"preload\"; as=\"style\""}],"EndpointProperties":[{"Name":"fingerprint","Value":"0v2nmuw7mk"},{"Name":"integrity","Value":"sha256-PDwPwTTwR9YTvuH2T1Q0vpwm2guNh/Dz4+Hj1xg7EkY="},{"Name":"label","Value":"MauiBlazorFrame_KupaKuper_Shared.styles.css"}]},{"Route":"MauiBlazorFrame_KupaKuper_Shared.styles.css","AssetFile":"MauiBlazorFrame_KupaKuper_Shared.styles.css","Selectors":[],"ResponseHeaders":[{"Name":"Accept-Ranges","Value":"bytes"},{"Name":"Cache-Control","Value":"no-cache"},{"Name":"Content-Length","Value":"55228"},{"Name":"Content-Type","Value":"text/css"},{"Name":"ETag","Value":"\"PDwPwTTwR9YTvuH2T1Q0vpwm2guNh/Dz4+Hj1xg7EkY=\""},{"Name":"Last-Modified","Value":"Thu, 31 Jul 2025 00:33:26 GMT"},{"Name":"Link","Value":"<_content/KupaKuper_BlazorUI/KupaKuper_BlazorUI.ywgprjus50.bundle.scp.css>; rel=\"preload\"; as=\"style\""}],"EndpointProperties":[{"Name":"integrity","Value":"sha256-PDwPwTTwR9YTvuH2T1Q0vpwm2guNh/Dz4+Hj1xg7EkY="}]},{"Route":"_content/Blazor-ApexCharts/css/apexcharts.css","AssetFile":"_content/Blazor-ApexCharts/css/apexcharts.css","Selectors":[],"ResponseHeaders":[{"Name":"Accept-Ranges","Value":"bytes"},{"Name":"Cache-Control","Value":"no-cache"},{"Name":"Content-Length","Value":"13568"},{"Name":"Content-Type","Value":"text/css"},{"Name":"ETag","Value":"\"We76yQ6BbUqy3OL7pB4AiChSOtAH/BdDsZ0Z+MzXvD0=\""},{"Name":"Last-Modified","Value":"Wed, 21 May 2025 19:39:58 GMT"}],"EndpointProperties":[{"Name":"integrity","Value":"sha256-We76yQ6BbUqy3OL7pB4AiChSOtAH/BdDsZ0Z+MzXvD0="}]},{"Route":"_content/Blazor-ApexCharts/css/apexcharts.fipu15mg5j.css","AssetFile":"_content/Blazor-ApexCharts/css/apexcharts.css","Selectors":[],"ResponseHeaders":[{"Name":"Accept-Ranges","Value":"bytes"},{"Name":"Cache-Control","Value":"max-age=31536000, immutable"},{"Name":"Content-Length","Value":"13568"},{"Name":"Content-Type","Value":"text/css"},{"Name":"ETag","Value":"\"We76yQ6BbUqy3OL7pB4AiChSOtAH/BdDsZ0Z+MzXvD0=\""},{"Name":"Last-Modified","Value":"Wed, 21 May 2025 19:39:58 GMT"}],"EndpointProperties":[{"Name":"fingerprint","Value":"fipu15mg5j"},{"Name":"integrity","Value":"sha256-We76yQ6BbUqy3OL7pB4AiChSOtAH/BdDsZ0Z+MzXvD0="},{"Name":"label","Value":"_content/Blazor-ApexCharts/css/apexcharts.css"}]},{"Route":"_content/Blazor-ApexCharts/js/apexcharts.esm.e5mxau51st.js","AssetFile":"_content/Blazor-ApexCharts/js/apexcharts.esm.js","Selectors":[],"ResponseHeaders":[{"Name":"Accept-Ranges","Value":"bytes"},{"Name":"Cache-Control","Value":"max-age=31536000, immutable"},{"Name":"Content-Length","Value":"665402"},{"Name":"Content-Type","Value":"text/javascript"},{"Name":"ETag","Value":"\"nv9+cClODqGzZRotZMRKCqU9Wl7Hl8L+Tyr7WF1h3v0=\""},{"Name":"Last-Modified","Value":"Wed, 21 May 2025 19:39:58 GMT"}],"EndpointProperties":[{"Name":"fingerprint","Value":"e5mxau51st"},{"Name":"integrity","Value":"sha256-nv9+cClODqGzZRotZMRKCqU9Wl7Hl8L+Tyr7WF1h3v0="},{"Name":"label","Value":"_content/Blazor-ApexCharts/js/apexcharts.esm.js"}]},{"Route":"_content/Blazor-ApexCharts/js/apexcharts.esm.js","AssetFile":"_content/Blazor-ApexCharts/js/apexcharts.esm.js","Selectors":[],"ResponseHeaders":[{"Name":"Accept-Ranges","Value":"bytes"},{"Name":"Cache-Control","Value":"no-cache"},{"Name":"Content-Length","Value":"665402"},{"Name":"Content-Type","Value":"text/javascript"},{"Name":"ETag","Value":"\"nv9+cClODqGzZRotZMRKCqU9Wl7Hl8L+Tyr7WF1h3v0=\""},{"Name":"Last-Modified","Value":"Wed, 21 May 2025 19:39:58 GMT"}],"EndpointProperties":[{"Name":"integrity","Value":"sha256-nv9+cClODqGzZRotZMRKCqU9Wl7Hl8L+Tyr7WF1h3v0="}]},{"Route":"_content/Blazor-ApexCharts/js/blazor-apexcharts.chj0bnypwx.js","AssetFile":"_content/Blazor-ApexCharts/js/blazor-apexcharts.js","Selectors":[],"ResponseHeaders":[{"Name":"Accept-Ranges","Value":"bytes"},{"Name":"Cache-Control","Value":"max-age=31536000, immutable"},{"Name":"Content-Length","Value":"17800"},{"Name":"Content-Type","Value":"text/javascript"},{"Name":"ETag","Value":"\"oGlXERI9lfJ20sjSP9LrtLbAMoXS/d9cDVyOjwlFG3Q=\""},{"Name":"Last-Modified","Value":"Wed, 21 May 2025 19:39:58 GMT"}],"EndpointProperties":[{"Name":"fingerprint","Value":"chj0bnypwx"},{"Name":"integrity","Value":"sha256-oGlXERI9lfJ20sjSP9LrtLbAMoXS/d9cDVyOjwlFG3Q="},{"Name":"label","Value":"_content/Blazor-ApexCharts/js/blazor-apexcharts.js"}]},{"Route":"_content/Blazor-ApexCharts/js/blazor-apexcharts.js","AssetFile":"_content/Blazor-ApexCharts/js/blazor-apexcharts.js","Selectors":[],"ResponseHeaders":[{"Name":"Accept-Ranges","Value":"bytes"},{"Name":"Cache-Control","Value":"no-cache"},{"Name":"Content-Length","Value":"17800"},{"Name":"Content-Type","Value":"text/javascript"},{"Name":"ETag","Value":"\"oGlXERI9lfJ20sjSP9LrtLbAMoXS/d9cDVyOjwlFG3Q=\""},{"Name":"Last-Modified","Value":"Wed, 21 May 2025 19:39:58 GMT"}],"EndpointProperties":[{"Name":"integrity","Value":"sha256-oGlXERI9lfJ20sjSP9LrtLbAMoXS/d9cDVyOjwlFG3Q="}]},{"Route":"_content/Blazor-ApexCharts/locales/ar.aw8a660z99.json","AssetFile":"_content/Blazor-ApexCharts/locales/ar.json","Selectors":[],"ResponseHeaders":[{"Name":"Accept-Ranges","Value":"bytes"},{"Name":"Cache-Control","Value":"max-age=31536000, immutable"},{"Name":"Content-Length","Value":"2056"},{"Name":"Content-Type","Value":"application/json"},{"Name":"ETag","Value":"\"dlafcjAJqs3GUdcc3mJSK86lwcZblr5It4eEvw4uLxs=\""},{"Name":"Last-Modified","Value":"Wed, 21 May 2025 19:39:58 GMT"}],"EndpointProperties":[{"Name":"fingerprint","Value":"aw8a660z99"},{"Name":"integrity","Value":"sha256-dlafcjAJqs3GUdcc3mJSK86lwcZblr5It4eEvw4uLxs="},{"Name":"label","Value":"_content/Blazor-ApexCharts/locales/ar.json"}]},{"Route":"_content/Blazor-ApexCharts/locales/ar.json","AssetFile":"_content/Blazor-ApexCharts/locales/ar.json","Selectors":[],"ResponseHeaders":[{"Name":"Accept-Ranges","Value":"bytes"},{"Name":"Cache-Control","Value":"no-cache"},{"Name":"Content-Length","Value":"2056"},{"Name":"Content-Type","Value":"application/json"},{"Name":"ETag","Value":"\"dlafcjAJqs3GUdcc3mJSK86lwcZblr5It4eEvw4uLxs=\""},{"Name":"Last-Modified","Value":"Wed, 21 May 2025 19:39:58 GMT"}],"EndpointProperties":[{"Name":"integrity","Value":"sha256-dlafcjAJqs3GUdcc3mJSK86lwcZblr5It4eEvw4uLxs="}]},{"Route":"_content/Blazor-ApexCharts/locales/be-cyrl.h6g4ry2vv0.json","AssetFile":"_content/Blazor-ApexCharts/locales/be-cyrl.json","Selectors":[],"ResponseHeaders":[{"Name":"Accept-Ranges","Value":"bytes"},{"Name":"Cache-Control","Value":"max-age=31536000, immutable"},{"Name":"Content-Length","Value":"2185"},{"Name":"Content-Type","Value":"application/json"},{"Name":"ETag","Value":"\"FzJo0NTrozXZ2X0k5cBHq23/cNsJsjzz8ro8AmmgIsM=\""},{"Name":"Last-Modified","Value":"Wed, 21 May 2025 19:39:58 GMT"}],"EndpointProperties":[{"Name":"fingerprint","Value":"h6g4ry2vv0"},{"Name":"integrity","Value":"sha256-FzJo0NTrozXZ2X0k5cBHq23/cNsJsjzz8ro8AmmgIsM="},{"Name":"label","Value":"_content/Blazor-ApexCharts/locales/be-cyrl.json"}]},{"Route":"_content/Blazor-ApexCharts/locales/be-cyrl.json","AssetFile":"_content/Blazor-ApexCharts/locales/be-cyrl.json","Selectors":[],"ResponseHeaders":[{"Name":"Accept-Ranges","Value":"bytes"},{"Name":"Cache-Control","Value":"no-cache"},{"Name":"Content-Length","Value":"2185"},{"Name":"Content-Type","Value":"application/json"},{"Name":"ETag","Value":"\"FzJo0NTrozXZ2X0k5cBHq23/cNsJsjzz8ro8AmmgIsM=\""},{"Name":"Last-Modified","Value":"Wed, 21 May 2025 19:39:58 GMT"}],"EndpointProperties":[{"Name":"integrity","Value":"sha256-FzJo0NTrozXZ2X0k5cBHq23/cNsJsjzz8ro8AmmgIsM="}]},{"Route":"_content/Blazor-ApexCharts/locales/be-latn.4quf63e522.json","AssetFile":"_content/Blazor-ApexCharts/locales/be-latn.json","Selectors":[],"ResponseHeaders":[{"Name":"Accept-Ranges","Value":"bytes"},{"Name":"Cache-Control","Value":"max-age=31536000, immutable"},{"Name":"Content-Length","Value":"866"},{"Name":"Content-Type","Value":"application/json"},{"Name":"ETag","Value":"\"TBvJZemrAZAKyekGjuTHrZTH1It0sqSk5Sqz8yH9K0w=\""},{"Name":"Last-Modified","Value":"Wed, 21 May 2025 19:39:58 GMT"}],"EndpointProperties":[{"Name":"fingerprint","Value":"4quf63e522"},{"Name":"integrity","Value":"sha256-TBvJZemrAZAKyekGjuTHrZTH1It0sqSk5Sqz8yH9K0w="},{"Name":"label","Value":"_content/Blazor-ApexCharts/locales/be-latn.json"}]},{"Route":"_content/Blazor-ApexCharts/locales/be-latn.json","AssetFile":"_content/Blazor-ApexCharts/locales/be-latn.json","Selectors":[],"ResponseHeaders":[{"Name":"Accept-Ranges","Value":"bytes"},{"Name":"Cache-Control","Value":"no-cache"},{"Name":"Content-Length","Value":"866"},{"Name":"Content-Type","Value":"application/json"},{"Name":"ETag","Value":"\"TBvJZemrAZAKyekGjuTHrZTH1It0sqSk5Sqz8yH9K0w=\""},{"Name":"Last-Modified","Value":"Wed, 21 May 2025 19:39:58 GMT"}],"EndpointProperties":[{"Name":"integrity","Value":"sha256-TBvJZemrAZAKyekGjuTHrZTH1It0sqSk5Sqz8yH9K0w="}]},{"Route":"_content/Blazor-ApexCharts/locales/ca.json","AssetFile":"_content/Blazor-ApexCharts/locales/ca.json","Selectors":[],"ResponseHeaders":[{"Name":"Accept-Ranges","Value":"bytes"},{"Name":"Cache-Control","Value":"no-cache"},{"Name":"Content-Length","Value":"663"},{"Name":"Content-Type","Value":"application/json"},{"Name":"ETag","Value":"\"Hy0vKUYq8y24J65z6P6BRt+pAJEStUUkq6h/wO8qGmI=\""},{"Name":"Last-Modified","Value":"Wed, 21 May 2025 19:39:58 GMT"}],"EndpointProperties":[{"Name":"integrity","Value":"sha256-Hy0vKUYq8y24J65z6P6BRt+pAJEStUUkq6h/wO8qGmI="}]},{"Route":"_content/Blazor-ApexCharts/locales/ca.xw4cn6al9g.json","AssetFile":"_content/Blazor-ApexCharts/locales/ca.json","Selectors":[],"ResponseHeaders":[{"Name":"Accept-Ranges","Value":"bytes"},{"Name":"Cache-Control","Value":"max-age=31536000, immutable"},{"Name":"Content-Length","Value":"663"},{"Name":"Content-Type","Value":"application/json"},{"Name":"ETag","Value":"\"Hy0vKUYq8y24J65z6P6BRt+pAJEStUUkq6h/wO8qGmI=\""},{"Name":"Last-Modified","Value":"Wed, 21 May 2025 19:39:58 GMT"}],"EndpointProperties":[{"Name":"fingerprint","Value":"xw4cn6al9g"},{"Name":"integrity","Value":"sha256-Hy0vKUYq8y24J65z6P6BRt+pAJEStUUkq6h/wO8qGmI="},{"Name":"label","Value":"_content/Blazor-ApexCharts/locales/ca.json"}]},{"Route":"_content/Blazor-ApexCharts/locales/cs.gopfi149m4.json","AssetFile":"_content/Blazor-ApexCharts/locales/cs.json","Selectors":[],"ResponseHeaders":[{"Name":"Accept-Ranges","Value":"bytes"},{"Name":"Cache-Control","Value":"max-age=31536000, immutable"},{"Name":"Content-Length","Value":"797"},{"Name":"Content-Type","Value":"application/json"},{"Name":"ETag","Value":"\"wKX1p4OPUkgraQA/lGUPFeTkjNfSDjk2BVoNpp3/rtw=\""},{"Name":"Last-Modified","Value":"Wed, 21 May 2025 19:39:58 GMT"}],"EndpointProperties":[{"Name":"fingerprint","Value":"gopfi149m4"},{"Name":"integrity","Value":"sha256-wKX1p4OPUkgraQA/lGUPFeTkjNfSDjk2BVoNpp3/rtw="},{"Name":"label","Value":"_content/Blazor-ApexCharts/locales/cs.json"}]},{"Route":"_content/Blazor-ApexCharts/locales/cs.json","AssetFile":"_content/Blazor-ApexCharts/locales/cs.json","Selectors":[],"ResponseHeaders":[{"Name":"Accept-Ranges","Value":"bytes"},{"Name":"Cache-Control","Value":"no-cache"},{"Name":"Content-Length","Value":"797"},{"Name":"Content-Type","Value":"application/json"},{"Name":"ETag","Value":"\"wKX1p4OPUkgraQA/lGUPFeTkjNfSDjk2BVoNpp3/rtw=\""},{"Name":"Last-Modified","Value":"Wed, 21 May 2025 19:39:58 GMT"}],"EndpointProperties":[{"Name":"integrity","Value":"sha256-wKX1p4OPUkgraQA/lGUPFeTkjNfSDjk2BVoNpp3/rtw="}]},{"Route":"_content/Blazor-ApexCharts/locales/da.bvv7setipz.json","AssetFile":"_content/Blazor-ApexCharts/locales/da.json","Selectors":[],"ResponseHeaders":[{"Name":"Accept-Ranges","Value":"bytes"},{"Name":"Cache-Control","Value":"max-age=31536000, immutable"},{"Name":"Content-Length","Value":"630"},{"Name":"Content-Type","Value":"application/json"},{"Name":"ETag","Value":"\"F4FSX9RRquRBpeWXM8Cy22+MiyvJ99Qln9osdCg9JrI=\""},{"Name":"Last-Modified","Value":"Wed, 21 May 2025 19:39:58 GMT"}],"EndpointProperties":[{"Name":"fingerprint","Value":"bvv7setipz"},{"Name":"integrity","Value":"sha256-F4FSX9RRquRBpeWXM8Cy22+MiyvJ99Qln9osdCg9JrI="},{"Name":"label","Value":"_content/Blazor-ApexCharts/locales/da.json"}]},{"Route":"_content/Blazor-ApexCharts/locales/da.json","AssetFile":"_content/Blazor-ApexCharts/locales/da.json","Selectors":[],"ResponseHeaders":[{"Name":"Accept-Ranges","Value":"bytes"},{"Name":"Cache-Control","Value":"no-cache"},{"Name":"Content-Length","Value":"630"},{"Name":"Content-Type","Value":"application/json"},{"Name":"ETag","Value":"\"F4FSX9RRquRBpeWXM8Cy22+MiyvJ99Qln9osdCg9JrI=\""},{"Name":"Last-Modified","Value":"Wed, 21 May 2025 19:39:58 GMT"}],"EndpointProperties":[{"Name":"integrity","Value":"sha256-F4FSX9RRquRBpeWXM8Cy22+MiyvJ99Qln9osdCg9JrI="}]},{"Route":"_content/Blazor-ApexCharts/locales/de.83l1289rs1.json","AssetFile":"_content/Blazor-ApexCharts/locales/de.json","Selectors":[],"ResponseHeaders":[{"Name":"Accept-Ranges","Value":"bytes"},{"Name":"Cache-Control","Value":"max-age=31536000, immutable"},{"Name":"Content-Length","Value":"672"},{"Name":"Content-Type","Value":"application/json"},{"Name":"ETag","Value":"\"/Cw+PNZKKo3HojTIexT8ydZxxRVcJB/FibSNrmFMOBs=\""},{"Name":"Last-Modified","Value":"Wed, 21 May 2025 19:39:58 GMT"}],"EndpointProperties":[{"Name":"fingerprint","Value":"83l1289rs1"},{"Name":"integrity","Value":"sha256-/Cw+PNZKKo3HojTIexT8ydZxxRVcJB/FibSNrmFMOBs="},{"Name":"label","Value":"_content/Blazor-ApexCharts/locales/de.json"}]},{"Route":"_content/Blazor-ApexCharts/locales/de.json","AssetFile":"_content/Blazor-ApexCharts/locales/de.json","Selectors":[],"ResponseHeaders":[{"Name":"Accept-Ranges","Value":"bytes"},{"Name":"Cache-Control","Value":"no-cache"},{"Name":"Content-Length","Value":"672"},{"Name":"Content-Type","Value":"application/json"},{"Name":"ETag","Value":"\"/Cw+PNZKKo3HojTIexT8ydZxxRVcJB/FibSNrmFMOBs=\""},{"Name":"Last-Modified","Value":"Wed, 21 May 2025 19:39:58 GMT"}],"EndpointProperties":[{"Name":"integrity","Value":"sha256-/Cw+PNZKKo3HojTIexT8ydZxxRVcJB/FibSNrmFMOBs="}]},{"Route":"_content/Blazor-ApexCharts/locales/el.c8sob4ckuq.json","AssetFile":"_content/Blazor-ApexCharts/locales/el.json","Selectors":[],"ResponseHeaders":[{"Name":"Accept-Ranges","Value":"bytes"},{"Name":"Cache-Control","Value":"max-age=31536000, immutable"},{"Name":"Content-Length","Value":"2154"},{"Name":"Content-Type","Value":"application/json"},{"Name":"ETag","Value":"\"FCAyMj67tLnnn5Uu2HnYV2IPFm7NK6p2r8+7T5QnNoc=\""},{"Name":"Last-Modified","Value":"Wed, 21 May 2025 19:39:58 GMT"}],"EndpointProperties":[{"Name":"fingerprint","Value":"c8sob4ckuq"},{"Name":"integrity","Value":"sha256-FCAyMj67tLnnn5Uu2HnYV2IPFm7NK6p2r8+7T5QnNoc="},{"Name":"label","Value":"_content/Blazor-ApexCharts/locales/el.json"}]},{"Route":"_content/Blazor-ApexCharts/locales/el.json","AssetFile":"_content/Blazor-ApexCharts/locales/el.json","Selectors":[],"ResponseHeaders":[{"Name":"Accept-Ranges","Value":"bytes"},{"Name":"Cache-Control","Value":"no-cache"},{"Name":"Content-Length","Value":"2154"},{"Name":"Content-Type","Value":"application/json"},{"Name":"ETag","Value":"\"FCAyMj67tLnnn5Uu2HnYV2IPFm7NK6p2r8+7T5QnNoc=\""},{"Name":"Last-Modified","Value":"Wed, 21 May 2025 19:39:58 GMT"}],"EndpointProperties":[{"Name":"integrity","Value":"sha256-FCAyMj67tLnnn5Uu2HnYV2IPFm7NK6p2r8+7T5QnNoc="}]},{"Route":"_content/Blazor-ApexCharts/locales/en.json","AssetFile":"_content/Blazor-ApexCharts/locales/en.json","Selectors":[],"ResponseHeaders":[{"Name":"Accept-Ranges","Value":"bytes"},{"Name":"Cache-Control","Value":"no-cache"},{"Name":"Content-Length","Value":"617"},{"Name":"Content-Type","Value":"application/json"},{"Name":"ETag","Value":"\"4r/u+pmflgFnRb/LLQj1UTO2uiLdwOZJXUEKZCMVq7U=\""},{"Name":"Last-Modified","Value":"Wed, 21 May 2025 19:39:58 GMT"}],"EndpointProperties":[{"Name":"integrity","Value":"sha256-4r/u+pmflgFnRb/LLQj1UTO2uiLdwOZJXUEKZCMVq7U="}]},{"Route":"_content/Blazor-ApexCharts/locales/en.y47va8epwf.json","AssetFile":"_content/Blazor-ApexCharts/locales/en.json","Selectors":[],"ResponseHeaders":[{"Name":"Accept-Ranges","Value":"bytes"},{"Name":"Cache-Control","Value":"max-age=31536000, immutable"},{"Name":"Content-Length","Value":"617"},{"Name":"Content-Type","Value":"application/json"},{"Name":"ETag","Value":"\"4r/u+pmflgFnRb/LLQj1UTO2uiLdwOZJXUEKZCMVq7U=\""},{"Name":"Last-Modified","Value":"Wed, 21 May 2025 19:39:58 GMT"}],"EndpointProperties":[{"Name":"fingerprint","Value":"y47va8epwf"},{"Name":"integrity","Value":"sha256-4r/u+pmflgFnRb/LLQj1UTO2uiLdwOZJXUEKZCMVq7U="},{"Name":"label","Value":"_content/Blazor-ApexCharts/locales/en.json"}]},{"Route":"_content/Blazor-ApexCharts/locales/es.json","AssetFile":"_content/Blazor-ApexCharts/locales/es.json","Selectors":[],"ResponseHeaders":[{"Name":"Accept-Ranges","Value":"bytes"},{"Name":"Cache-Control","Value":"no-cache"},{"Name":"Content-Length","Value":"647"},{"Name":"Content-Type","Value":"application/json"},{"Name":"ETag","Value":"\"5Arhr8jFsoVzlMD2BYO0QdEydcct2kjrXllGn2+ql2k=\""},{"Name":"Last-Modified","Value":"Wed, 21 May 2025 19:39:58 GMT"}],"EndpointProperties":[{"Name":"integrity","Value":"sha256-5Arhr8jFsoVzlMD2BYO0QdEydcct2kjrXllGn2+ql2k="}]},{"Route":"_content/Blazor-ApexCharts/locales/es.oz2ngf7abt.json","AssetFile":"_content/Blazor-ApexCharts/locales/es.json","Selectors":[],"ResponseHeaders":[{"Name":"Accept-Ranges","Value":"bytes"},{"Name":"Cache-Control","Value":"max-age=31536000, immutable"},{"Name":"Content-Length","Value":"647"},{"Name":"Content-Type","Value":"application/json"},{"Name":"ETag","Value":"\"5Arhr8jFsoVzlMD2BYO0QdEydcct2kjrXllGn2+ql2k=\""},{"Name":"Last-Modified","Value":"Wed, 21 May 2025 19:39:58 GMT"}],"EndpointProperties":[{"Name":"fingerprint","Value":"oz2ngf7abt"},{"Name":"integrity","Value":"sha256-5Arhr8jFsoVzlMD2BYO0QdEydcct2kjrXllGn2+ql2k="},{"Name":"label","Value":"_content/Blazor-ApexCharts/locales/es.json"}]},{"Route":"_content/Blazor-ApexCharts/locales/et.json","AssetFile":"_content/Blazor-ApexCharts/locales/et.json","Selectors":[],"ResponseHeaders":[{"Name":"Accept-Ranges","Value":"bytes"},{"Name":"Cache-Control","Value":"no-cache"},{"Name":"Content-Length","Value":"693"},{"Name":"Content-Type","Value":"application/json"},{"Name":"ETag","Value":"\"Wx99ItyPuJ/JHH4kZsfa31sf0/cPZ3RB2X3GYgVXzpo=\""},{"Name":"Last-Modified","Value":"Wed, 21 May 2025 19:39:58 GMT"}],"EndpointProperties":[{"Name":"integrity","Value":"sha256-Wx99ItyPuJ/JHH4kZsfa31sf0/cPZ3RB2X3GYgVXzpo="}]},{"Route":"_content/Blazor-ApexCharts/locales/et.pntq0mboak.json","AssetFile":"_content/Blazor-ApexCharts/locales/et.json","Selectors":[],"ResponseHeaders":[{"Name":"Accept-Ranges","Value":"bytes"},{"Name":"Cache-Control","Value":"max-age=31536000, immutable"},{"Name":"Content-Length","Value":"693"},{"Name":"Content-Type","Value":"application/json"},{"Name":"ETag","Value":"\"Wx99ItyPuJ/JHH4kZsfa31sf0/cPZ3RB2X3GYgVXzpo=\""},{"Name":"Last-Modified","Value":"Wed, 21 May 2025 19:39:58 GMT"}],"EndpointProperties":[{"Name":"fingerprint","Value":"pntq0mboak"},{"Name":"integrity","Value":"sha256-Wx99ItyPuJ/JHH4kZsfa31sf0/cPZ3RB2X3GYgVXzpo="},{"Name":"label","Value":"_content/Blazor-ApexCharts/locales/et.json"}]},{"Route":"_content/Blazor-ApexCharts/locales/fa.json","AssetFile":"_content/Blazor-ApexCharts/locales/fa.json","Selectors":[],"ResponseHeaders":[{"Name":"Accept-Ranges","Value":"bytes"},{"Name":"Cache-Control","Value":"no-cache"},{"Name":"Content-Length","Value":"1700"},{"Name":"Content-Type","Value":"application/json"},{"Name":"ETag","Value":"\"5VsTIOaI9i/Kl2AE59RFVgnvO57ey5z4n7zEmDc7JLA=\""},{"Name":"Last-Modified","Value":"Wed, 21 May 2025 19:39:58 GMT"}],"EndpointProperties":[{"Name":"integrity","Value":"sha256-5VsTIOaI9i/Kl2AE59RFVgnvO57ey5z4n7zEmDc7JLA="}]},{"Route":"_content/Blazor-ApexCharts/locales/fa.nx25eecaer.json","AssetFile":"_content/Blazor-ApexCharts/locales/fa.json","Selectors":[],"ResponseHeaders":[{"Name":"Accept-Ranges","Value":"bytes"},{"Name":"Cache-Control","Value":"max-age=31536000, immutable"},{"Name":"Content-Length","Value":"1700"},{"Name":"Content-Type","Value":"application/json"},{"Name":"ETag","Value":"\"5VsTIOaI9i/Kl2AE59RFVgnvO57ey5z4n7zEmDc7JLA=\""},{"Name":"Last-Modified","Value":"Wed, 21 May 2025 19:39:58 GMT"}],"EndpointProperties":[{"Name":"fingerprint","Value":"nx25eecaer"},{"Name":"integrity","Value":"sha256-5VsTIOaI9i/Kl2AE59RFVgnvO57ey5z4n7zEmDc7JLA="},{"Name":"label","Value":"_content/Blazor-ApexCharts/locales/fa.json"}]},{"Route":"_content/Blazor-ApexCharts/locales/fi.json","AssetFile":"_content/Blazor-ApexCharts/locales/fi.json","Selectors":[],"ResponseHeaders":[{"Name":"Accept-Ranges","Value":"bytes"},{"Name":"Cache-Control","Value":"no-cache"},{"Name":"Content-Length","Value":"688"},{"Name":"Content-Type","Value":"application/json"},{"Name":"ETag","Value":"\"5oebmtfJvQfIA0wtj/w1i/CdMxggN4N5KpIsBGPAzt0=\""},{"Name":"Last-Modified","Value":"Wed, 21 May 2025 19:39:58 GMT"}],"EndpointProperties":[{"Name":"integrity","Value":"sha256-5oebmtfJvQfIA0wtj/w1i/CdMxggN4N5KpIsBGPAzt0="}]},{"Route":"_content/Blazor-ApexCharts/locales/fi.unkmihfl19.json","AssetFile":"_content/Blazor-ApexCharts/locales/fi.json","Selectors":[],"ResponseHeaders":[{"Name":"Accept-Ranges","Value":"bytes"},{"Name":"Cache-Control","Value":"max-age=31536000, immutable"},{"Name":"Content-Length","Value":"688"},{"Name":"Content-Type","Value":"application/json"},{"Name":"ETag","Value":"\"5oebmtfJvQfIA0wtj/w1i/CdMxggN4N5KpIsBGPAzt0=\""},{"Name":"Last-Modified","Value":"Wed, 21 May 2025 19:39:58 GMT"}],"EndpointProperties":[{"Name":"fingerprint","Value":"unkmihfl19"},{"Name":"integrity","Value":"sha256-5oebmtfJvQfIA0wtj/w1i/CdMxggN4N5KpIsBGPAzt0="},{"Name":"label","Value":"_content/Blazor-ApexCharts/locales/fi.json"}]},{"Route":"_content/Blazor-ApexCharts/locales/fr.json","AssetFile":"_content/Blazor-ApexCharts/locales/fr.json","Selectors":[],"ResponseHeaders":[{"Name":"Accept-Ranges","Value":"bytes"},{"Name":"Cache-Control","Value":"no-cache"},{"Name":"Content-Length","Value":"769"},{"Name":"Content-Type","Value":"application/json"},{"Name":"ETag","Value":"\"aRM0YbD29kxiOoWjBKwe//2ptq+Z58fpOKjmYlSXmRo=\""},{"Name":"Last-Modified","Value":"Wed, 21 May 2025 19:39:58 GMT"}],"EndpointProperties":[{"Name":"integrity","Value":"sha256-aRM0YbD29kxiOoWjBKwe//2ptq+Z58fpOKjmYlSXmRo="}]},{"Route":"_content/Blazor-ApexCharts/locales/fr.tbg7h139v1.json","AssetFile":"_content/Blazor-ApexCharts/locales/fr.json","Selectors":[],"ResponseHeaders":[{"Name":"Accept-Ranges","Value":"bytes"},{"Name":"Cache-Control","Value":"max-age=31536000, immutable"},{"Name":"Content-Length","Value":"769"},{"Name":"Content-Type","Value":"application/json"},{"Name":"ETag","Value":"\"aRM0YbD29kxiOoWjBKwe//2ptq+Z58fpOKjmYlSXmRo=\""},{"Name":"Last-Modified","Value":"Wed, 21 May 2025 19:39:58 GMT"}],"EndpointProperties":[{"Name":"fingerprint","Value":"tbg7h139v1"},{"Name":"integrity","Value":"sha256-aRM0YbD29kxiOoWjBKwe//2ptq+Z58fpOKjmYlSXmRo="},{"Name":"label","Value":"_content/Blazor-ApexCharts/locales/fr.json"}]},{"Route":"_content/Blazor-ApexCharts/locales/he.4kedqyc6f0.json","AssetFile":"_content/Blazor-ApexCharts/locales/he.json","Selectors":[],"ResponseHeaders":[{"Name":"Accept-Ranges","Value":"bytes"},{"Name":"Cache-Control","Value":"max-age=31536000, immutable"},{"Name":"Content-Length","Value":"1579"},{"Name":"Content-Type","Value":"application/json"},{"Name":"ETag","Value":"\"DBPpL9k31pu/OonYe4MoNQXth8VYoGCaBohW/PVjxRQ=\""},{"Name":"Last-Modified","Value":"Wed, 21 May 2025 19:39:58 GMT"}],"EndpointProperties":[{"Name":"fingerprint","Value":"4kedqyc6f0"},{"Name":"integrity","Value":"sha256-DBPpL9k31pu/OonYe4MoNQXth8VYoGCaBohW/PVjxRQ="},{"Name":"label","Value":"_content/Blazor-ApexCharts/locales/he.json"}]},{"Route":"_content/Blazor-ApexCharts/locales/he.json","AssetFile":"_content/Blazor-ApexCharts/locales/he.json","Selectors":[],"ResponseHeaders":[{"Name":"Accept-Ranges","Value":"bytes"},{"Name":"Cache-Control","Value":"no-cache"},{"Name":"Content-Length","Value":"1579"},{"Name":"Content-Type","Value":"application/json"},{"Name":"ETag","Value":"\"DBPpL9k31pu/OonYe4MoNQXth8VYoGCaBohW/PVjxRQ=\""},{"Name":"Last-Modified","Value":"Wed, 21 May 2025 19:39:58 GMT"}],"EndpointProperties":[{"Name":"integrity","Value":"sha256-DBPpL9k31pu/OonYe4MoNQXth8VYoGCaBohW/PVjxRQ="}]},{"Route":"_content/Blazor-ApexCharts/locales/hi.json","AssetFile":"_content/Blazor-ApexCharts/locales/hi.json","Selectors":[],"ResponseHeaders":[{"Name":"Accept-Ranges","Value":"bytes"},{"Name":"Cache-Control","Value":"no-cache"},{"Name":"Content-Length","Value":"1925"},{"Name":"Content-Type","Value":"application/json"},{"Name":"ETag","Value":"\"kka3njmet1llQ1oQUSWWGrfEV0Z+hVfdIykpRKFGeVU=\""},{"Name":"Last-Modified","Value":"Wed, 21 May 2025 19:39:58 GMT"}],"EndpointProperties":[{"Name":"integrity","Value":"sha256-kka3njmet1llQ1oQUSWWGrfEV0Z+hVfdIykpRKFGeVU="}]},{"Route":"_content/Blazor-ApexCharts/locales/hi.qeoc4bvrzj.json","AssetFile":"_content/Blazor-ApexCharts/locales/hi.json","Selectors":[],"ResponseHeaders":[{"Name":"Accept-Ranges","Value":"bytes"},{"Name":"Cache-Control","Value":"max-age=31536000, immutable"},{"Name":"Content-Length","Value":"1925"},{"Name":"Content-Type","Value":"application/json"},{"Name":"ETag","Value":"\"kka3njmet1llQ1oQUSWWGrfEV0Z+hVfdIykpRKFGeVU=\""},{"Name":"Last-Modified","Value":"Wed, 21 May 2025 19:39:58 GMT"}],"EndpointProperties":[{"Name":"fingerprint","Value":"qeoc4bvrzj"},{"Name":"integrity","Value":"sha256-kka3njmet1llQ1oQUSWWGrfEV0Z+hVfdIykpRKFGeVU="},{"Name":"label","Value":"_content/Blazor-ApexCharts/locales/hi.json"}]},{"Route":"_content/Blazor-ApexCharts/locales/hr.g30t14wjoh.json","AssetFile":"_content/Blazor-ApexCharts/locales/hr.json","Selectors":[],"ResponseHeaders":[{"Name":"Accept-Ranges","Value":"bytes"},{"Name":"Cache-Control","Value":"max-age=31536000, immutable"},{"Name":"Content-Length","Value":"701"},{"Name":"Content-Type","Value":"application/json"},{"Name":"ETag","Value":"\"vJal2x2QNigFc1HPfraHPajLDa/+KYm6EX7/9OuIGuE=\""},{"Name":"Last-Modified","Value":"Wed, 21 May 2025 19:39:58 GMT"}],"EndpointProperties":[{"Name":"fingerprint","Value":"g30t14wjoh"},{"Name":"integrity","Value":"sha256-vJal2x2QNigFc1HPfraHPajLDa/+KYm6EX7/9OuIGuE="},{"Name":"label","Value":"_content/Blazor-ApexCharts/locales/hr.json"}]},{"Route":"_content/Blazor-ApexCharts/locales/hr.json","AssetFile":"_content/Blazor-ApexCharts/locales/hr.json","Selectors":[],"ResponseHeaders":[{"Name":"Accept-Ranges","Value":"bytes"},{"Name":"Cache-Control","Value":"no-cache"},{"Name":"Content-Length","Value":"701"},{"Name":"Content-Type","Value":"application/json"},{"Name":"ETag","Value":"\"vJal2x2QNigFc1HPfraHPajLDa/+KYm6EX7/9OuIGuE=\""},{"Name":"Last-Modified","Value":"Wed, 21 May 2025 19:39:58 GMT"}],"EndpointProperties":[{"Name":"integrity","Value":"sha256-vJal2x2QNigFc1HPfraHPajLDa/+KYm6EX7/9OuIGuE="}]},{"Route":"_content/Blazor-ApexCharts/locales/hu.d53wev0zew.json","AssetFile":"_content/Blazor-ApexCharts/locales/hu.json","Selectors":[],"ResponseHeaders":[{"Name":"Accept-Ranges","Value":"bytes"},{"Name":"Cache-Control","Value":"max-age=31536000, immutable"},{"Name":"Content-Length","Value":"893"},{"Name":"Content-Type","Value":"application/json"},{"Name":"ETag","Value":"\"D77nW8E9LACWcDLYiQi4tmABTzWdtQHiRIZh4dl/+u4=\""},{"Name":"Last-Modified","Value":"Wed, 21 May 2025 19:39:58 GMT"}],"EndpointProperties":[{"Name":"fingerprint","Value":"d53wev0zew"},{"Name":"integrity","Value":"sha256-D77nW8E9LACWcDLYiQi4tmABTzWdtQHiRIZh4dl/+u4="},{"Name":"label","Value":"_content/Blazor-ApexCharts/locales/hu.json"}]},{"Route":"_content/Blazor-ApexCharts/locales/hu.json","AssetFile":"_content/Blazor-ApexCharts/locales/hu.json","Selectors":[],"ResponseHeaders":[{"Name":"Accept-Ranges","Value":"bytes"},{"Name":"Cache-Control","Value":"no-cache"},{"Name":"Content-Length","Value":"893"},{"Name":"Content-Type","Value":"application/json"},{"Name":"ETag","Value":"\"D77nW8E9LACWcDLYiQi4tmABTzWdtQHiRIZh4dl/+u4=\""},{"Name":"Last-Modified","Value":"Wed, 21 May 2025 19:39:58 GMT"}],"EndpointProperties":[{"Name":"integrity","Value":"sha256-D77nW8E9LACWcDLYiQi4tmABTzWdtQHiRIZh4dl/+u4="}]},{"Route":"_content/Blazor-ApexCharts/locales/hy.json","AssetFile":"_content/Blazor-ApexCharts/locales/hy.json","Selectors":[],"ResponseHeaders":[{"Name":"Accept-Ranges","Value":"bytes"},{"Name":"Cache-Control","Value":"no-cache"},{"Name":"Content-Length","Value":"2157"},{"Name":"Content-Type","Value":"application/json"},{"Name":"ETag","Value":"\"kMokcniW/vMpTaZUExL0GjIglPOJROzCuz82Cdra9QM=\""},{"Name":"Last-Modified","Value":"Wed, 21 May 2025 19:39:58 GMT"}],"EndpointProperties":[{"Name":"integrity","Value":"sha256-kMokcniW/vMpTaZUExL0GjIglPOJROzCuz82Cdra9QM="}]},{"Route":"_content/Blazor-ApexCharts/locales/hy.wg3wdxqw6r.json","AssetFile":"_content/Blazor-ApexCharts/locales/hy.json","Selectors":[],"ResponseHeaders":[{"Name":"Accept-Ranges","Value":"bytes"},{"Name":"Cache-Control","Value":"max-age=31536000, immutable"},{"Name":"Content-Length","Value":"2157"},{"Name":"Content-Type","Value":"application/json"},{"Name":"ETag","Value":"\"kMokcniW/vMpTaZUExL0GjIglPOJROzCuz82Cdra9QM=\""},{"Name":"Last-Modified","Value":"Wed, 21 May 2025 19:39:58 GMT"}],"EndpointProperties":[{"Name":"fingerprint","Value":"wg3wdxqw6r"},{"Name":"integrity","Value":"sha256-kMokcniW/vMpTaZUExL0GjIglPOJROzCuz82Cdra9QM="},{"Name":"label","Value":"_content/Blazor-ApexCharts/locales/hy.json"}]},{"Route":"_content/Blazor-ApexCharts/locales/id.json","AssetFile":"_content/Blazor-ApexCharts/locales/id.json","Selectors":[],"ResponseHeaders":[{"Name":"Accept-Ranges","Value":"bytes"},{"Name":"Cache-Control","Value":"no-cache"},{"Name":"Content-Length","Value":"599"},{"Name":"Content-Type","Value":"application/json"},{"Name":"ETag","Value":"\"gh6YummZEUvK77HpqdCNf37hc0F+lhhqIRqhOEIU5do=\""},{"Name":"Last-Modified","Value":"Wed, 21 May 2025 19:39:58 GMT"}],"EndpointProperties":[{"Name":"integrity","Value":"sha256-gh6YummZEUvK77HpqdCNf37hc0F+lhhqIRqhOEIU5do="}]},{"Route":"_content/Blazor-ApexCharts/locales/id.ma08ynh8oj.json","AssetFile":"_content/Blazor-ApexCharts/locales/id.json","Selectors":[],"ResponseHeaders":[{"Name":"Accept-Ranges","Value":"bytes"},{"Name":"Cache-Control","Value":"max-age=31536000, immutable"},{"Name":"Content-Length","Value":"599"},{"Name":"Content-Type","Value":"application/json"},{"Name":"ETag","Value":"\"gh6YummZEUvK77HpqdCNf37hc0F+lhhqIRqhOEIU5do=\""},{"Name":"Last-Modified","Value":"Wed, 21 May 2025 19:39:58 GMT"}],"EndpointProperties":[{"Name":"fingerprint","Value":"ma08ynh8oj"},{"Name":"integrity","Value":"sha256-gh6YummZEUvK77HpqdCNf37hc0F+lhhqIRqhOEIU5do="},{"Name":"label","Value":"_content/Blazor-ApexCharts/locales/id.json"}]},{"Route":"_content/Blazor-ApexCharts/locales/it.json","AssetFile":"_content/Blazor-ApexCharts/locales/it.json","Selectors":[],"ResponseHeaders":[{"Name":"Accept-Ranges","Value":"bytes"},{"Name":"Cache-Control","Value":"no-cache"},{"Name":"Content-Length","Value":"650"},{"Name":"Content-Type","Value":"application/json"},{"Name":"ETag","Value":"\"HI8ky56OnvbeyCQXEcmb3DmtGeER9kGDff9kbvrjAXI=\""},{"Name":"Last-Modified","Value":"Wed, 21 May 2025 19:39:58 GMT"}],"EndpointProperties":[{"Name":"integrity","Value":"sha256-HI8ky56OnvbeyCQXEcmb3DmtGeER9kGDff9kbvrjAXI="}]},{"Route":"_content/Blazor-ApexCharts/locales/it.oz6y9kyukq.json","AssetFile":"_content/Blazor-ApexCharts/locales/it.json","Selectors":[],"ResponseHeaders":[{"Name":"Accept-Ranges","Value":"bytes"},{"Name":"Cache-Control","Value":"max-age=31536000, immutable"},{"Name":"Content-Length","Value":"650"},{"Name":"Content-Type","Value":"application/json"},{"Name":"ETag","Value":"\"HI8ky56OnvbeyCQXEcmb3DmtGeER9kGDff9kbvrjAXI=\""},{"Name":"Last-Modified","Value":"Wed, 21 May 2025 19:39:58 GMT"}],"EndpointProperties":[{"Name":"fingerprint","Value":"oz6y9kyukq"},{"Name":"integrity","Value":"sha256-HI8ky56OnvbeyCQXEcmb3DmtGeER9kGDff9kbvrjAXI="},{"Name":"label","Value":"_content/Blazor-ApexCharts/locales/it.json"}]},{"Route":"_content/Blazor-ApexCharts/locales/ja.json","AssetFile":"_content/Blazor-ApexCharts/locales/ja.json","Selectors":[],"ResponseHeaders":[{"Name":"Accept-Ranges","Value":"bytes"},{"Name":"Cache-Control","Value":"no-cache"},{"Name":"Content-Length","Value":"944"},{"Name":"Content-Type","Value":"application/json"},{"Name":"ETag","Value":"\"uKgcjn6aZkz865gYeSKNABrJ/0uOZji+DAyZ0FG6qLg=\""},{"Name":"Last-Modified","Value":"Wed, 21 May 2025 19:39:58 GMT"}],"EndpointProperties":[{"Name":"integrity","Value":"sha256-uKgcjn6aZkz865gYeSKNABrJ/0uOZji+DAyZ0FG6qLg="}]},{"Route":"_content/Blazor-ApexCharts/locales/ja.wim1rlw75t.json","AssetFile":"_content/Blazor-ApexCharts/locales/ja.json","Selectors":[],"ResponseHeaders":[{"Name":"Accept-Ranges","Value":"bytes"},{"Name":"Cache-Control","Value":"max-age=31536000, immutable"},{"Name":"Content-Length","Value":"944"},{"Name":"Content-Type","Value":"application/json"},{"Name":"ETag","Value":"\"uKgcjn6aZkz865gYeSKNABrJ/0uOZji+DAyZ0FG6qLg=\""},{"Name":"Last-Modified","Value":"Wed, 21 May 2025 19:39:58 GMT"}],"EndpointProperties":[{"Name":"fingerprint","Value":"wim1rlw75t"},{"Name":"integrity","Value":"sha256-uKgcjn6aZkz865gYeSKNABrJ/0uOZji+DAyZ0FG6qLg="},{"Name":"label","Value":"_content/Blazor-ApexCharts/locales/ja.json"}]},{"Route":"_content/Blazor-ApexCharts/locales/ka.json","AssetFile":"_content/Blazor-ApexCharts/locales/ka.json","Selectors":[],"ResponseHeaders":[{"Name":"Accept-Ranges","Value":"bytes"},{"Name":"Cache-Control","Value":"no-cache"},{"Name":"Content-Length","Value":"2149"},{"Name":"Content-Type","Value":"application/json"},{"Name":"ETag","Value":"\"nM5CmrAeofY0I2bHyyyZ9BQMmT8V7ZZ3Q98Gc5HsD/0=\""},{"Name":"Last-Modified","Value":"Wed, 21 May 2025 19:39:58 GMT"}],"EndpointProperties":[{"Name":"integrity","Value":"sha256-nM5CmrAeofY0I2bHyyyZ9BQMmT8V7ZZ3Q98Gc5HsD/0="}]},{"Route":"_content/Blazor-ApexCharts/locales/ka.wrvbhiedzy.json","AssetFile":"_content/Blazor-ApexCharts/locales/ka.json","Selectors":[],"ResponseHeaders":[{"Name":"Accept-Ranges","Value":"bytes"},{"Name":"Cache-Control","Value":"max-age=31536000, immutable"},{"Name":"Content-Length","Value":"2149"},{"Name":"Content-Type","Value":"application/json"},{"Name":"ETag","Value":"\"nM5CmrAeofY0I2bHyyyZ9BQMmT8V7ZZ3Q98Gc5HsD/0=\""},{"Name":"Last-Modified","Value":"Wed, 21 May 2025 19:39:58 GMT"}],"EndpointProperties":[{"Name":"fingerprint","Value":"wrvbhiedzy"},{"Name":"integrity","Value":"sha256-nM5CmrAeofY0I2bHyyyZ9BQMmT8V7ZZ3Q98Gc5HsD/0="},{"Name":"label","Value":"_content/Blazor-ApexCharts/locales/ka.json"}]},{"Route":"_content/Blazor-ApexCharts/locales/ko.json","AssetFile":"_content/Blazor-ApexCharts/locales/ko.json","Selectors":[],"ResponseHeaders":[{"Name":"Accept-Ranges","Value":"bytes"},{"Name":"Cache-Control","Value":"no-cache"},{"Name":"Content-Length","Value":"888"},{"Name":"Content-Type","Value":"application/json"},{"Name":"ETag","Value":"\"oiRKl5wBbddidyXK+EdWR5/wQ5A+iIR2qgrN+iyghFw=\""},{"Name":"Last-Modified","Value":"Wed, 21 May 2025 19:39:58 GMT"}],"EndpointProperties":[{"Name":"integrity","Value":"sha256-oiRKl5wBbddidyXK+EdWR5/wQ5A+iIR2qgrN+iyghFw="}]},{"Route":"_content/Blazor-ApexCharts/locales/ko.udjm12v94x.json","AssetFile":"_content/Blazor-ApexCharts/locales/ko.json","Selectors":[],"ResponseHeaders":[{"Name":"Accept-Ranges","Value":"bytes"},{"Name":"Cache-Control","Value":"max-age=31536000, immutable"},{"Name":"Content-Length","Value":"888"},{"Name":"Content-Type","Value":"application/json"},{"Name":"ETag","Value":"\"oiRKl5wBbddidyXK+EdWR5/wQ5A+iIR2qgrN+iyghFw=\""},{"Name":"Last-Modified","Value":"Wed, 21 May 2025 19:39:58 GMT"}],"EndpointProperties":[{"Name":"fingerprint","Value":"udjm12v94x"},{"Name":"integrity","Value":"sha256-oiRKl5wBbddidyXK+EdWR5/wQ5A+iIR2qgrN+iyghFw="},{"Name":"label","Value":"_content/Blazor-ApexCharts/locales/ko.json"}]},{"Route":"_content/Blazor-ApexCharts/locales/lt.1iui1sf6mx.json","AssetFile":"_content/Blazor-ApexCharts/locales/lt.json","Selectors":[],"ResponseHeaders":[{"Name":"Accept-Ranges","Value":"bytes"},{"Name":"Cache-Control","Value":"max-age=31536000, immutable"},{"Name":"Content-Length","Value":"750"},{"Name":"Content-Type","Value":"application/json"},{"Name":"ETag","Value":"\"F5SN8qqGkcG7fv57T+BooYAzbWWddDQLZ0BZs0wuv14=\""},{"Name":"Last-Modified","Value":"Wed, 21 May 2025 19:39:58 GMT"}],"EndpointProperties":[{"Name":"fingerprint","Value":"1iui1sf6mx"},{"Name":"integrity","Value":"sha256-F5SN8qqGkcG7fv57T+BooYAzbWWddDQLZ0BZs0wuv14="},{"Name":"label","Value":"_content/Blazor-ApexCharts/locales/lt.json"}]},{"Route":"_content/Blazor-ApexCharts/locales/lt.json","AssetFile":"_content/Blazor-ApexCharts/locales/lt.json","Selectors":[],"ResponseHeaders":[{"Name":"Accept-Ranges","Value":"bytes"},{"Name":"Cache-Control","Value":"no-cache"},{"Name":"Content-Length","Value":"750"},{"Name":"Content-Type","Value":"application/json"},{"Name":"ETag","Value":"\"F5SN8qqGkcG7fv57T+BooYAzbWWddDQLZ0BZs0wuv14=\""},{"Name":"Last-Modified","Value":"Wed, 21 May 2025 19:39:58 GMT"}],"EndpointProperties":[{"Name":"integrity","Value":"sha256-F5SN8qqGkcG7fv57T+BooYAzbWWddDQLZ0BZs0wuv14="}]},{"Route":"_content/Blazor-ApexCharts/locales/lv.json","AssetFile":"_content/Blazor-ApexCharts/locales/lv.json","Selectors":[],"ResponseHeaders":[{"Name":"Accept-Ranges","Value":"bytes"},{"Name":"Cache-Control","Value":"no-cache"},{"Name":"Content-Length","Value":"803"},{"Name":"Content-Type","Value":"application/json"},{"Name":"ETag","Value":"\"V3v5fb3Zoax8x3QuoG+gpIrCN8MFDX1V7jZo4TLOl2Q=\""},{"Name":"Last-Modified","Value":"Wed, 21 May 2025 19:39:58 GMT"}],"EndpointProperties":[{"Name":"integrity","Value":"sha256-V3v5fb3Zoax8x3QuoG+gpIrCN8MFDX1V7jZo4TLOl2Q="}]},{"Route":"_content/Blazor-ApexCharts/locales/lv.vynogv8ahn.json","AssetFile":"_content/Blazor-ApexCharts/locales/lv.json","Selectors":[],"ResponseHeaders":[{"Name":"Accept-Ranges","Value":"bytes"},{"Name":"Cache-Control","Value":"max-age=31536000, immutable"},{"Name":"Content-Length","Value":"803"},{"Name":"Content-Type","Value":"application/json"},{"Name":"ETag","Value":"\"V3v5fb3Zoax8x3QuoG+gpIrCN8MFDX1V7jZo4TLOl2Q=\""},{"Name":"Last-Modified","Value":"Wed, 21 May 2025 19:39:58 GMT"}],"EndpointProperties":[{"Name":"fingerprint","Value":"vynogv8ahn"},{"Name":"integrity","Value":"sha256-V3v5fb3Zoax8x3QuoG+gpIrCN8MFDX1V7jZo4TLOl2Q="},{"Name":"label","Value":"_content/Blazor-ApexCharts/locales/lv.json"}]},{"Route":"_content/Blazor-ApexCharts/locales/ms.0hoc5biyew.json","AssetFile":"_content/Blazor-ApexCharts/locales/ms.json","Selectors":[],"ResponseHeaders":[{"Name":"Accept-Ranges","Value":"bytes"},{"Name":"Cache-Control","Value":"max-age=31536000, immutable"},{"Name":"Content-Length","Value":"619"},{"Name":"Content-Type","Value":"application/json"},{"Name":"ETag","Value":"\"HCgQ1y0mMwXEulNPTZEWVN7VGkpgWMRn+nAvPRxVmdE=\""},{"Name":"Last-Modified","Value":"Wed, 21 May 2025 19:39:58 GMT"}],"EndpointProperties":[{"Name":"fingerprint","Value":"0hoc5biyew"},{"Name":"integrity","Value":"sha256-HCgQ1y0mMwXEulNPTZEWVN7VGkpgWMRn+nAvPRxVmdE="},{"Name":"label","Value":"_content/Blazor-ApexCharts/locales/ms.json"}]},{"Route":"_content/Blazor-ApexCharts/locales/ms.json","AssetFile":"_content/Blazor-ApexCharts/locales/ms.json","Selectors":[],"ResponseHeaders":[{"Name":"Accept-Ranges","Value":"bytes"},{"Name":"Cache-Control","Value":"no-cache"},{"Name":"Content-Length","Value":"619"},{"Name":"Content-Type","Value":"application/json"},{"Name":"ETag","Value":"\"HCgQ1y0mMwXEulNPTZEWVN7VGkpgWMRn+nAvPRxVmdE=\""},{"Name":"Last-Modified","Value":"Wed, 21 May 2025 19:39:58 GMT"}],"EndpointProperties":[{"Name":"integrity","Value":"sha256-HCgQ1y0mMwXEulNPTZEWVN7VGkpgWMRn+nAvPRxVmdE="}]},{"Route":"_content/Blazor-ApexCharts/locales/nb.0o62raorg4.json","AssetFile":"_content/Blazor-ApexCharts/locales/nb.json","Selectors":[],"ResponseHeaders":[{"Name":"Accept-Ranges","Value":"bytes"},{"Name":"Cache-Control","Value":"max-age=31536000, immutable"},{"Name":"Content-Length","Value":"622"},{"Name":"Content-Type","Value":"application/json"},{"Name":"ETag","Value":"\"wM4lkbC04I2/uPlIySZDlWSUS62IA0U81mD2U3l2m/s=\""},{"Name":"Last-Modified","Value":"Wed, 21 May 2025 19:39:58 GMT"}],"EndpointProperties":[{"Name":"fingerprint","Value":"0o62raorg4"},{"Name":"integrity","Value":"sha256-wM4lkbC04I2/uPlIySZDlWSUS62IA0U81mD2U3l2m/s="},{"Name":"label","Value":"_content/Blazor-ApexCharts/locales/nb.json"}]},{"Route":"_content/Blazor-ApexCharts/locales/nb.json","AssetFile":"_content/Blazor-ApexCharts/locales/nb.json","Selectors":[],"ResponseHeaders":[{"Name":"Accept-Ranges","Value":"bytes"},{"Name":"Cache-Control","Value":"no-cache"},{"Name":"Content-Length","Value":"622"},{"Name":"Content-Type","Value":"application/json"},{"Name":"ETag","Value":"\"wM4lkbC04I2/uPlIySZDlWSUS62IA0U81mD2U3l2m/s=\""},{"Name":"Last-Modified","Value":"Wed, 21 May 2025 19:39:58 GMT"}],"EndpointProperties":[{"Name":"integrity","Value":"sha256-wM4lkbC04I2/uPlIySZDlWSUS62IA0U81mD2U3l2m/s="}]},{"Route":"_content/Blazor-ApexCharts/locales/nl.fsylza4jab.json","AssetFile":"_content/Blazor-ApexCharts/locales/nl.json","Selectors":[],"ResponseHeaders":[{"Name":"Accept-Ranges","Value":"bytes"},{"Name":"Cache-Control","Value":"max-age=31536000, immutable"},{"Name":"Content-Length","Value":"622"},{"Name":"Content-Type","Value":"application/json"},{"Name":"ETag","Value":"\"Xw7MULGUFCVWATdL+U+YF+DGr2+IJmrZml+tMj7uUc0=\""},{"Name":"Last-Modified","Value":"Wed, 21 May 2025 19:39:58 GMT"}],"EndpointProperties":[{"Name":"fingerprint","Value":"fsylza4jab"},{"Name":"integrity","Value":"sha256-Xw7MULGUFCVWATdL+U+YF+DGr2+IJmrZml+tMj7uUc0="},{"Name":"label","Value":"_content/Blazor-ApexCharts/locales/nl.json"}]},{"Route":"_content/Blazor-ApexCharts/locales/nl.json","AssetFile":"_content/Blazor-ApexCharts/locales/nl.json","Selectors":[],"ResponseHeaders":[{"Name":"Accept-Ranges","Value":"bytes"},{"Name":"Cache-Control","Value":"no-cache"},{"Name":"Content-Length","Value":"622"},{"Name":"Content-Type","Value":"application/json"},{"Name":"ETag","Value":"\"Xw7MULGUFCVWATdL+U+YF+DGr2+IJmrZml+tMj7uUc0=\""},{"Name":"Last-Modified","Value":"Wed, 21 May 2025 19:39:58 GMT"}],"EndpointProperties":[{"Name":"integrity","Value":"sha256-Xw7MULGUFCVWATdL+U+YF+DGr2+IJmrZml+tMj7uUc0="}]},{"Route":"_content/Blazor-ApexCharts/locales/pl.json","AssetFile":"_content/Blazor-ApexCharts/locales/pl.json","Selectors":[],"ResponseHeaders":[{"Name":"Accept-Ranges","Value":"bytes"},{"Name":"Cache-Control","Value":"no-cache"},{"Name":"Content-Length","Value":"694"},{"Name":"Content-Type","Value":"application/json"},{"Name":"ETag","Value":"\"z3Z4PsPf0abnHt54FB3hX97yeN9m8SM8aBltHUELYqk=\""},{"Name":"Last-Modified","Value":"Wed, 21 May 2025 19:39:58 GMT"}],"EndpointProperties":[{"Name":"integrity","Value":"sha256-z3Z4PsPf0abnHt54FB3hX97yeN9m8SM8aBltHUELYqk="}]},{"Route":"_content/Blazor-ApexCharts/locales/pl.xw1ahgfaqy.json","AssetFile":"_content/Blazor-ApexCharts/locales/pl.json","Selectors":[],"ResponseHeaders":[{"Name":"Accept-Ranges","Value":"bytes"},{"Name":"Cache-Control","Value":"max-age=31536000, immutable"},{"Name":"Content-Length","Value":"694"},{"Name":"Content-Type","Value":"application/json"},{"Name":"ETag","Value":"\"z3Z4PsPf0abnHt54FB3hX97yeN9m8SM8aBltHUELYqk=\""},{"Name":"Last-Modified","Value":"Wed, 21 May 2025 19:39:58 GMT"}],"EndpointProperties":[{"Name":"fingerprint","Value":"xw1ahgfaqy"},{"Name":"integrity","Value":"sha256-z3Z4PsPf0abnHt54FB3hX97yeN9m8SM8aBltHUELYqk="},{"Name":"label","Value":"_content/Blazor-ApexCharts/locales/pl.json"}]},{"Route":"_content/Blazor-ApexCharts/locales/pt-br.1ss52jen86.json","AssetFile":"_content/Blazor-ApexCharts/locales/pt-br.json","Selectors":[],"ResponseHeaders":[{"Name":"Accept-Ranges","Value":"bytes"},{"Name":"Cache-Control","Value":"max-age=31536000, immutable"},{"Name":"Content-Length","Value":"643"},{"Name":"Content-Type","Value":"application/json"},{"Name":"ETag","Value":"\"D9Hj2hy1KOq9dGLrGGe8ays1RSWMHlINH7h+4NLPs7g=\""},{"Name":"Last-Modified","Value":"Wed, 21 May 2025 19:39:58 GMT"}],"EndpointProperties":[{"Name":"fingerprint","Value":"1ss52jen86"},{"Name":"integrity","Value":"sha256-D9Hj2hy1KOq9dGLrGGe8ays1RSWMHlINH7h+4NLPs7g="},{"Name":"label","Value":"_content/Blazor-ApexCharts/locales/pt-br.json"}]},{"Route":"_content/Blazor-ApexCharts/locales/pt-br.json","AssetFile":"_content/Blazor-ApexCharts/locales/pt-br.json","Selectors":[],"ResponseHeaders":[{"Name":"Accept-Ranges","Value":"bytes"},{"Name":"Cache-Control","Value":"no-cache"},{"Name":"Content-Length","Value":"643"},{"Name":"Content-Type","Value":"application/json"},{"Name":"ETag","Value":"\"D9Hj2hy1KOq9dGLrGGe8ays1RSWMHlINH7h+4NLPs7g=\""},{"Name":"Last-Modified","Value":"Wed, 21 May 2025 19:39:58 GMT"}],"EndpointProperties":[{"Name":"integrity","Value":"sha256-D9Hj2hy1KOq9dGLrGGe8ays1RSWMHlINH7h+4NLPs7g="}]},{"Route":"_content/Blazor-ApexCharts/locales/pt.7b8xi8hfxj.json","AssetFile":"_content/Blazor-ApexCharts/locales/pt.json","Selectors":[],"ResponseHeaders":[{"Name":"Accept-Ranges","Value":"bytes"},{"Name":"Cache-Control","Value":"max-age=31536000, immutable"},{"Name":"Content-Length","Value":"675"},{"Name":"Content-Type","Value":"application/json"},{"Name":"ETag","Value":"\"rRUDFC/Tqe7MUK5n/STmcacv2q72vRl1CwznzIge3pM=\""},{"Name":"Last-Modified","Value":"Wed, 21 May 2025 19:39:58 GMT"}],"EndpointProperties":[{"Name":"fingerprint","Value":"7b8xi8hfxj"},{"Name":"integrity","Value":"sha256-rRUDFC/Tqe7MUK5n/STmcacv2q72vRl1CwznzIge3pM="},{"Name":"label","Value":"_content/Blazor-ApexCharts/locales/pt.json"}]},{"Route":"_content/Blazor-ApexCharts/locales/pt.json","AssetFile":"_content/Blazor-ApexCharts/locales/pt.json","Selectors":[],"ResponseHeaders":[{"Name":"Accept-Ranges","Value":"bytes"},{"Name":"Cache-Control","Value":"no-cache"},{"Name":"Content-Length","Value":"675"},{"Name":"Content-Type","Value":"application/json"},{"Name":"ETag","Value":"\"rRUDFC/Tqe7MUK5n/STmcacv2q72vRl1CwznzIge3pM=\""},{"Name":"Last-Modified","Value":"Wed, 21 May 2025 19:39:58 GMT"}],"EndpointProperties":[{"Name":"integrity","Value":"sha256-rRUDFC/Tqe7MUK5n/STmcacv2q72vRl1CwznzIge3pM="}]},{"Route":"_content/Blazor-ApexCharts/locales/ru.json","AssetFile":"_content/Blazor-ApexCharts/locales/ru.json","Selectors":[],"ResponseHeaders":[{"Name":"Accept-Ranges","Value":"bytes"},{"Name":"Cache-Control","Value":"no-cache"},{"Name":"Content-Length","Value":"1994"},{"Name":"Content-Type","Value":"application/json"},{"Name":"ETag","Value":"\"UOFpsRzXznwnmB8j37FSNH9BrWmEZ7IZ7I2rX77eQ6g=\""},{"Name":"Last-Modified","Value":"Wed, 21 May 2025 19:39:58 GMT"}],"EndpointProperties":[{"Name":"integrity","Value":"sha256-UOFpsRzXznwnmB8j37FSNH9BrWmEZ7IZ7I2rX77eQ6g="}]},{"Route":"_content/Blazor-ApexCharts/locales/ru.kr702m2xcz.json","AssetFile":"_content/Blazor-ApexCharts/locales/ru.json","Selectors":[],"ResponseHeaders":[{"Name":"Accept-Ranges","Value":"bytes"},{"Name":"Cache-Control","Value":"max-age=31536000, immutable"},{"Name":"Content-Length","Value":"1994"},{"Name":"Content-Type","Value":"application/json"},{"Name":"ETag","Value":"\"UOFpsRzXznwnmB8j37FSNH9BrWmEZ7IZ7I2rX77eQ6g=\""},{"Name":"Last-Modified","Value":"Wed, 21 May 2025 19:39:58 GMT"}],"EndpointProperties":[{"Name":"fingerprint","Value":"kr702m2xcz"},{"Name":"integrity","Value":"sha256-UOFpsRzXznwnmB8j37FSNH9BrWmEZ7IZ7I2rX77eQ6g="},{"Name":"label","Value":"_content/Blazor-ApexCharts/locales/ru.json"}]},{"Route":"_content/Blazor-ApexCharts/locales/sk.json","AssetFile":"_content/Blazor-ApexCharts/locales/sk.json","Selectors":[],"ResponseHeaders":[{"Name":"Accept-Ranges","Value":"bytes"},{"Name":"Cache-Control","Value":"no-cache"},{"Name":"Content-Length","Value":"728"},{"Name":"Content-Type","Value":"application/json"},{"Name":"ETag","Value":"\"SAbJxRWu7j7hjsBir0RLboTcFVZkW1QS80tMQosrRSE=\""},{"Name":"Last-Modified","Value":"Wed, 21 May 2025 19:39:58 GMT"}],"EndpointProperties":[{"Name":"integrity","Value":"sha256-SAbJxRWu7j7hjsBir0RLboTcFVZkW1QS80tMQosrRSE="}]},{"Route":"_content/Blazor-ApexCharts/locales/sk.wi5btb81wr.json","AssetFile":"_content/Blazor-ApexCharts/locales/sk.json","Selectors":[],"ResponseHeaders":[{"Name":"Accept-Ranges","Value":"bytes"},{"Name":"Cache-Control","Value":"max-age=31536000, immutable"},{"Name":"Content-Length","Value":"728"},{"Name":"Content-Type","Value":"application/json"},{"Name":"ETag","Value":"\"SAbJxRWu7j7hjsBir0RLboTcFVZkW1QS80tMQosrRSE=\""},{"Name":"Last-Modified","Value":"Wed, 21 May 2025 19:39:58 GMT"}],"EndpointProperties":[{"Name":"fingerprint","Value":"wi5btb81wr"},{"Name":"integrity","Value":"sha256-SAbJxRWu7j7hjsBir0RLboTcFVZkW1QS80tMQosrRSE="},{"Name":"label","Value":"_content/Blazor-ApexCharts/locales/sk.json"}]},{"Route":"_content/Blazor-ApexCharts/locales/sl.c82d7b3oqw.json","AssetFile":"_content/Blazor-ApexCharts/locales/sl.json","Selectors":[],"ResponseHeaders":[{"Name":"Accept-Ranges","Value":"bytes"},{"Name":"Cache-Control","Value":"max-age=31536000, immutable"},{"Name":"Content-Length","Value":"628"},{"Name":"Content-Type","Value":"application/json"},{"Name":"ETag","Value":"\"dBDBm89BPi3Yixs8Hg3Ic6WTgmXPrF6lLAN4LnjfpCs=\""},{"Name":"Last-Modified","Value":"Wed, 21 May 2025 19:39:58 GMT"}],"EndpointProperties":[{"Name":"fingerprint","Value":"c82d7b3oqw"},{"Name":"integrity","Value":"sha256-dBDBm89BPi3Yixs8Hg3Ic6WTgmXPrF6lLAN4LnjfpCs="},{"Name":"label","Value":"_content/Blazor-ApexCharts/locales/sl.json"}]},{"Route":"_content/Blazor-ApexCharts/locales/sl.json","AssetFile":"_content/Blazor-ApexCharts/locales/sl.json","Selectors":[],"ResponseHeaders":[{"Name":"Accept-Ranges","Value":"bytes"},{"Name":"Cache-Control","Value":"no-cache"},{"Name":"Content-Length","Value":"628"},{"Name":"Content-Type","Value":"application/json"},{"Name":"ETag","Value":"\"dBDBm89BPi3Yixs8Hg3Ic6WTgmXPrF6lLAN4LnjfpCs=\""},{"Name":"Last-Modified","Value":"Wed, 21 May 2025 19:39:58 GMT"}],"EndpointProperties":[{"Name":"integrity","Value":"sha256-dBDBm89BPi3Yixs8Hg3Ic6WTgmXPrF6lLAN4LnjfpCs="}]},{"Route":"_content/Blazor-ApexCharts/locales/sq.json","AssetFile":"_content/Blazor-ApexCharts/locales/sq.json","Selectors":[],"ResponseHeaders":[{"Name":"Accept-Ranges","Value":"bytes"},{"Name":"Cache-Control","Value":"no-cache"},{"Name":"Content-Length","Value":"681"},{"Name":"Content-Type","Value":"application/json"},{"Name":"ETag","Value":"\"zThOdwY6+2clLH8KQWon026rtzcxeK5ExNtfFpFAzGc=\""},{"Name":"Last-Modified","Value":"Wed, 21 May 2025 19:39:58 GMT"}],"EndpointProperties":[{"Name":"integrity","Value":"sha256-zThOdwY6+2clLH8KQWon026rtzcxeK5ExNtfFpFAzGc="}]},{"Route":"_content/Blazor-ApexCharts/locales/sq.pp7fw90inq.json","AssetFile":"_content/Blazor-ApexCharts/locales/sq.json","Selectors":[],"ResponseHeaders":[{"Name":"Accept-Ranges","Value":"bytes"},{"Name":"Cache-Control","Value":"max-age=31536000, immutable"},{"Name":"Content-Length","Value":"681"},{"Name":"Content-Type","Value":"application/json"},{"Name":"ETag","Value":"\"zThOdwY6+2clLH8KQWon026rtzcxeK5ExNtfFpFAzGc=\""},{"Name":"Last-Modified","Value":"Wed, 21 May 2025 19:39:58 GMT"}],"EndpointProperties":[{"Name":"fingerprint","Value":"pp7fw90inq"},{"Name":"integrity","Value":"sha256-zThOdwY6+2clLH8KQWon026rtzcxeK5ExNtfFpFAzGc="},{"Name":"label","Value":"_content/Blazor-ApexCharts/locales/sq.json"}]},{"Route":"_content/Blazor-ApexCharts/locales/sr.json","AssetFile":"_content/Blazor-ApexCharts/locales/sr.json","Selectors":[],"ResponseHeaders":[{"Name":"Accept-Ranges","Value":"bytes"},{"Name":"Cache-Control","Value":"no-cache"},{"Name":"Content-Length","Value":"648"},{"Name":"Content-Type","Value":"application/json"},{"Name":"ETag","Value":"\"7Ifns1BAaPzJaEyNSEaKFztIPE51+Oap9ld+tvhsrmg=\""},{"Name":"Last-Modified","Value":"Wed, 21 May 2025 19:39:58 GMT"}],"EndpointProperties":[{"Name":"integrity","Value":"sha256-7Ifns1BAaPzJaEyNSEaKFztIPE51+Oap9ld+tvhsrmg="}]},{"Route":"_content/Blazor-ApexCharts/locales/sr.smq1vn04nu.json","AssetFile":"_content/Blazor-ApexCharts/locales/sr.json","Selectors":[],"ResponseHeaders":[{"Name":"Accept-Ranges","Value":"bytes"},{"Name":"Cache-Control","Value":"max-age=31536000, immutable"},{"Name":"Content-Length","Value":"648"},{"Name":"Content-Type","Value":"application/json"},{"Name":"ETag","Value":"\"7Ifns1BAaPzJaEyNSEaKFztIPE51+Oap9ld+tvhsrmg=\""},{"Name":"Last-Modified","Value":"Wed, 21 May 2025 19:39:58 GMT"}],"EndpointProperties":[{"Name":"fingerprint","Value":"smq1vn04nu"},{"Name":"integrity","Value":"sha256-7Ifns1BAaPzJaEyNSEaKFztIPE51+Oap9ld+tvhsrmg="},{"Name":"label","Value":"_content/Blazor-ApexCharts/locales/sr.json"}]},{"Route":"_content/Blazor-ApexCharts/locales/sv.iy547i9vvz.json","AssetFile":"_content/Blazor-ApexCharts/locales/sv.json","Selectors":[],"ResponseHeaders":[{"Name":"Accept-Ranges","Value":"bytes"},{"Name":"Cache-Control","Value":"max-age=31536000, immutable"},{"Name":"Content-Length","Value":"652"},{"Name":"Content-Type","Value":"application/json"},{"Name":"ETag","Value":"\"KjZiCGep+a8C8NTV1V+03cxMLbAEstpJjyB/wQ8/a/k=\""},{"Name":"Last-Modified","Value":"Wed, 21 May 2025 19:39:58 GMT"}],"EndpointProperties":[{"Name":"fingerprint","Value":"iy547i9vvz"},{"Name":"integrity","Value":"sha256-KjZiCGep+a8C8NTV1V+03cxMLbAEstpJjyB/wQ8/a/k="},{"Name":"label","Value":"_content/Blazor-ApexCharts/locales/sv.json"}]},{"Route":"_content/Blazor-ApexCharts/locales/sv.json","AssetFile":"_content/Blazor-ApexCharts/locales/sv.json","Selectors":[],"ResponseHeaders":[{"Name":"Accept-Ranges","Value":"bytes"},{"Name":"Cache-Control","Value":"no-cache"},{"Name":"Content-Length","Value":"652"},{"Name":"Content-Type","Value":"application/json"},{"Name":"ETag","Value":"\"KjZiCGep+a8C8NTV1V+03cxMLbAEstpJjyB/wQ8/a/k=\""},{"Name":"Last-Modified","Value":"Wed, 21 May 2025 19:39:58 GMT"}],"EndpointProperties":[{"Name":"integrity","Value":"sha256-KjZiCGep+a8C8NTV1V+03cxMLbAEstpJjyB/wQ8/a/k="}]},{"Route":"_content/Blazor-ApexCharts/locales/th.json","AssetFile":"_content/Blazor-ApexCharts/locales/th.json","Selectors":[],"ResponseHeaders":[{"Name":"Accept-Ranges","Value":"bytes"},{"Name":"Cache-Control","Value":"no-cache"},{"Name":"Content-Length","Value":"1859"},{"Name":"Content-Type","Value":"application/json"},{"Name":"ETag","Value":"\"bSK3XfeSUbX+8I38665w0rt/uoeAmVwxVAR0Q5rhCe8=\""},{"Name":"Last-Modified","Value":"Wed, 21 May 2025 19:39:58 GMT"}],"EndpointProperties":[{"Name":"integrity","Value":"sha256-bSK3XfeSUbX+8I38665w0rt/uoeAmVwxVAR0Q5rhCe8="}]},{"Route":"_content/Blazor-ApexCharts/locales/th.zwnyw8ne19.json","AssetFile":"_content/Blazor-ApexCharts/locales/th.json","Selectors":[],"ResponseHeaders":[{"Name":"Accept-Ranges","Value":"bytes"},{"Name":"Cache-Control","Value":"max-age=31536000, immutable"},{"Name":"Content-Length","Value":"1859"},{"Name":"Content-Type","Value":"application/json"},{"Name":"ETag","Value":"\"bSK3XfeSUbX+8I38665w0rt/uoeAmVwxVAR0Q5rhCe8=\""},{"Name":"Last-Modified","Value":"Wed, 21 May 2025 19:39:58 GMT"}],"EndpointProperties":[{"Name":"fingerprint","Value":"zwnyw8ne19"},{"Name":"integrity","Value":"sha256-bSK3XfeSUbX+8I38665w0rt/uoeAmVwxVAR0Q5rhCe8="},{"Name":"label","Value":"_content/Blazor-ApexCharts/locales/th.json"}]},{"Route":"_content/Blazor-ApexCharts/locales/tr.json","AssetFile":"_content/Blazor-ApexCharts/locales/tr.json","Selectors":[],"ResponseHeaders":[{"Name":"Accept-Ranges","Value":"bytes"},{"Name":"Cache-Control","Value":"no-cache"},{"Name":"Content-Length","Value":"781"},{"Name":"Content-Type","Value":"application/json"},{"Name":"ETag","Value":"\"AkvVJzV+wuv+30FI8s5j0p9bJP2JSvRFVEuZSYCvqdE=\""},{"Name":"Last-Modified","Value":"Wed, 21 May 2025 19:39:58 GMT"}],"EndpointProperties":[{"Name":"integrity","Value":"sha256-AkvVJzV+wuv+30FI8s5j0p9bJP2JSvRFVEuZSYCvqdE="}]},{"Route":"_content/Blazor-ApexCharts/locales/tr.m65ramgkna.json","AssetFile":"_content/Blazor-ApexCharts/locales/tr.json","Selectors":[],"ResponseHeaders":[{"Name":"Accept-Ranges","Value":"bytes"},{"Name":"Cache-Control","Value":"max-age=31536000, immutable"},{"Name":"Content-Length","Value":"781"},{"Name":"Content-Type","Value":"application/json"},{"Name":"ETag","Value":"\"AkvVJzV+wuv+30FI8s5j0p9bJP2JSvRFVEuZSYCvqdE=\""},{"Name":"Last-Modified","Value":"Wed, 21 May 2025 19:39:58 GMT"}],"EndpointProperties":[{"Name":"fingerprint","Value":"m65ramgkna"},{"Name":"integrity","Value":"sha256-AkvVJzV+wuv+30FI8s5j0p9bJP2JSvRFVEuZSYCvqdE="},{"Name":"label","Value":"_content/Blazor-ApexCharts/locales/tr.json"}]},{"Route":"_content/Blazor-ApexCharts/locales/uk.74w0y3no2v.json","AssetFile":"_content/Blazor-ApexCharts/locales/uk.json","Selectors":[],"ResponseHeaders":[{"Name":"Accept-Ranges","Value":"bytes"},{"Name":"Cache-Control","Value":"max-age=31536000, immutable"},{"Name":"Content-Length","Value":"2024"},{"Name":"Content-Type","Value":"application/json"},{"Name":"ETag","Value":"\"aZ+JRp6SO22n09PyMVLrChX15KW9YCLZPZ0z8t0ZJlo=\""},{"Name":"Last-Modified","Value":"Wed, 21 May 2025 19:39:58 GMT"}],"EndpointProperties":[{"Name":"fingerprint","Value":"74w0y3no2v"},{"Name":"integrity","Value":"sha256-aZ+JRp6SO22n09PyMVLrChX15KW9YCLZPZ0z8t0ZJlo="},{"Name":"label","Value":"_content/Blazor-ApexCharts/locales/uk.json"}]},{"Route":"_content/Blazor-ApexCharts/locales/uk.json","AssetFile":"_content/Blazor-ApexCharts/locales/uk.json","Selectors":[],"ResponseHeaders":[{"Name":"Accept-Ranges","Value":"bytes"},{"Name":"Cache-Control","Value":"no-cache"},{"Name":"Content-Length","Value":"2024"},{"Name":"Content-Type","Value":"application/json"},{"Name":"ETag","Value":"\"aZ+JRp6SO22n09PyMVLrChX15KW9YCLZPZ0z8t0ZJlo=\""},{"Name":"Last-Modified","Value":"Wed, 21 May 2025 19:39:58 GMT"}],"EndpointProperties":[{"Name":"integrity","Value":"sha256-aZ+JRp6SO22n09PyMVLrChX15KW9YCLZPZ0z8t0ZJlo="}]},{"Route":"_content/Blazor-ApexCharts/locales/vi.j4a4u2uj29.json","AssetFile":"_content/Blazor-ApexCharts/locales/vi.json","Selectors":[],"ResponseHeaders":[{"Name":"Accept-Ranges","Value":"bytes"},{"Name":"Cache-Control","Value":"max-age=31536000, immutable"},{"Name":"Content-Length","Value":"882"},{"Name":"Content-Type","Value":"application/json"},{"Name":"ETag","Value":"\"vS1emPRJh7O8aN6ONvGi9WNlwfDGchjNHPFL2/lqdfM=\""},{"Name":"Last-Modified","Value":"Wed, 21 May 2025 19:39:58 GMT"}],"EndpointProperties":[{"Name":"fingerprint","Value":"j4a4u2uj29"},{"Name":"integrity","Value":"sha256-vS1emPRJh7O8aN6ONvGi9WNlwfDGchjNHPFL2/lqdfM="},{"Name":"label","Value":"_content/Blazor-ApexCharts/locales/vi.json"}]},{"Route":"_content/Blazor-ApexCharts/locales/vi.json","AssetFile":"_content/Blazor-ApexCharts/locales/vi.json","Selectors":[],"ResponseHeaders":[{"Name":"Accept-Ranges","Value":"bytes"},{"Name":"Cache-Control","Value":"no-cache"},{"Name":"Content-Length","Value":"882"},{"Name":"Content-Type","Value":"application/json"},{"Name":"ETag","Value":"\"vS1emPRJh7O8aN6ONvGi9WNlwfDGchjNHPFL2/lqdfM=\""},{"Name":"Last-Modified","Value":"Wed, 21 May 2025 19:39:58 GMT"}],"EndpointProperties":[{"Name":"integrity","Value":"sha256-vS1emPRJh7O8aN6ONvGi9WNlwfDGchjNHPFL2/lqdfM="}]},{"Route":"_content/Blazor-ApexCharts/locales/zh-cn.json","AssetFile":"_content/Blazor-ApexCharts/locales/zh-cn.json","Selectors":[],"ResponseHeaders":[{"Name":"Accept-Ranges","Value":"bytes"},{"Name":"Cache-Control","Value":"no-cache"},{"Name":"Content-Length","Value":"1022"},{"Name":"Content-Type","Value":"application/json"},{"Name":"ETag","Value":"\"mhzhU9izYDiEk2Iq60zSikDxEp+rWnQKOAZ2G1BoKMg=\""},{"Name":"Last-Modified","Value":"Wed, 21 May 2025 19:39:58 GMT"}],"EndpointProperties":[{"Name":"integrity","Value":"sha256-mhzhU9izYDiEk2Iq60zSikDxEp+rWnQKOAZ2G1BoKMg="}]},{"Route":"_content/Blazor-ApexCharts/locales/zh-cn.qz6clc5837.json","AssetFile":"_content/Blazor-ApexCharts/locales/zh-cn.json","Selectors":[],"ResponseHeaders":[{"Name":"Accept-Ranges","Value":"bytes"},{"Name":"Cache-Control","Value":"max-age=31536000, immutable"},{"Name":"Content-Length","Value":"1022"},{"Name":"Content-Type","Value":"application/json"},{"Name":"ETag","Value":"\"mhzhU9izYDiEk2Iq60zSikDxEp+rWnQKOAZ2G1BoKMg=\""},{"Name":"Last-Modified","Value":"Wed, 21 May 2025 19:39:58 GMT"}],"EndpointProperties":[{"Name":"fingerprint","Value":"qz6clc5837"},{"Name":"integrity","Value":"sha256-mhzhU9izYDiEk2Iq60zSikDxEp+rWnQKOAZ2G1BoKMg="},{"Name":"label","Value":"_content/Blazor-ApexCharts/locales/zh-cn.json"}]},{"Route":"_content/Blazor-ApexCharts/locales/zh-tw.json","AssetFile":"_content/Blazor-ApexCharts/locales/zh-tw.json","Selectors":[],"ResponseHeaders":[{"Name":"Accept-Ranges","Value":"bytes"},{"Name":"Cache-Control","Value":"no-cache"},{"Name":"Content-Length","Value":"1022"},{"Name":"Content-Type","Value":"application/json"},{"Name":"ETag","Value":"\"9NsKdU5ha32NGIS0Hj6dBR0Cpr8hgAr2IZpXCzHZnsY=\""},{"Name":"Last-Modified","Value":"Wed, 21 May 2025 19:39:58 GMT"}],"EndpointProperties":[{"Name":"integrity","Value":"sha256-9NsKdU5ha32NGIS0Hj6dBR0Cpr8hgAr2IZpXCzHZnsY="}]},{"Route":"_content/Blazor-ApexCharts/locales/zh-tw.ody88ncx6z.json","AssetFile":"_content/Blazor-ApexCharts/locales/zh-tw.json","Selectors":[],"ResponseHeaders":[{"Name":"Accept-Ranges","Value":"bytes"},{"Name":"Cache-Control","Value":"max-age=31536000, immutable"},{"Name":"Content-Length","Value":"1022"},{"Name":"Content-Type","Value":"application/json"},{"Name":"ETag","Value":"\"9NsKdU5ha32NGIS0Hj6dBR0Cpr8hgAr2IZpXCzHZnsY=\""},{"Name":"Last-Modified","Value":"Wed, 21 May 2025 19:39:58 GMT"}],"EndpointProperties":[{"Name":"fingerprint","Value":"ody88ncx6z"},{"Name":"integrity","Value":"sha256-9NsKdU5ha32NGIS0Hj6dBR0Cpr8hgAr2IZpXCzHZnsY="},{"Name":"label","Value":"_content/Blazor-ApexCharts/locales/zh-tw.json"}]},{"Route":"_content/KupaKuper_BlazorUI/KupaKuper_BlazorUI.bundle.scp.css","AssetFile":"_content/KupaKuper_BlazorUI/KupaKuper_BlazorUI.ywgprjus50.bundle.scp.css","Selectors":[],"ResponseHeaders":[{"Name":"Accept-Ranges","Value":"bytes"},{"Name":"Cache-Control","Value":"no-cache"},{"Name":"Content-Length","Value":"42086"},{"Name":"Content-Type","Value":"text/css"},{"Name":"ETag","Value":"\"HteXZs5a3znYngqkaF+okTX6ShXgTqqKfVNMOLUQ+Vc=\""},{"Name":"Last-Modified","Value":"Wed, 30 Jul 2025 09:19:02 GMT"}],"EndpointProperties":[{"Name":"integrity","Value":"sha256-HteXZs5a3znYngqkaF+okTX6ShXgTqqKfVNMOLUQ+Vc="}]},{"Route":"_content/KupaKuper_BlazorUI/KupaKuper_BlazorUI.ywgprjus50.bundle.scp.css","AssetFile":"_content/KupaKuper_BlazorUI/KupaKuper_BlazorUI.ywgprjus50.bundle.scp.css","Selectors":[],"ResponseHeaders":[{"Name":"Accept-Ranges","Value":"bytes"},{"Name":"Cache-Control","Value":"max-age=31536000, immutable"},{"Name":"Content-Length","Value":"42086"},{"Name":"Content-Type","Value":"text/css"},{"Name":"ETag","Value":"\"HteXZs5a3znYngqkaF+okTX6ShXgTqqKfVNMOLUQ+Vc=\""},{"Name":"Last-Modified","Value":"Wed, 30 Jul 2025 09:19:02 GMT"}],"EndpointProperties":[{"Name":"fingerprint","Value":"ywgprjus50"},{"Name":"integrity","Value":"sha256-HteXZs5a3znYngqkaF+okTX6ShXgTqqKfVNMOLUQ+Vc="},{"Name":"label","Value":"_content/KupaKuper_BlazorUI/KupaKuper_BlazorUI.bundle.scp.css"}]},{"Route":"_content/KupaKuper_BlazorUI/css/reboot.css","AssetFile":"_content/KupaKuper_BlazorUI/css/reboot.css","Selectors":[],"ResponseHeaders":[{"Name":"Accept-Ranges","Value":"bytes"},{"Name":"Cache-Control","Value":"no-cache"},{"Name":"Content-Length","Value":"198"},{"Name":"Content-Type","Value":"text/css"},{"Name":"ETag","Value":"\"Twi0s3gFhiy223+KUvKKAVYmPn2QRy9nj2Okkk1Y30Q=\""},{"Name":"Last-Modified","Value":"Wed, 23 Jul 2025 07:03:06 GMT"}],"EndpointProperties":[{"Name":"integrity","Value":"sha256-Twi0s3gFhiy223+KUvKKAVYmPn2QRy9nj2Okkk1Y30Q="}]},{"Route":"_content/KupaKuper_BlazorUI/css/reboot.xof9stdpbc.css","AssetFile":"_content/KupaKuper_BlazorUI/css/reboot.css","Selectors":[],"ResponseHeaders":[{"Name":"Accept-Ranges","Value":"bytes"},{"Name":"Cache-Control","Value":"max-age=31536000, immutable"},{"Name":"Content-Length","Value":"198"},{"Name":"Content-Type","Value":"text/css"},{"Name":"ETag","Value":"\"Twi0s3gFhiy223+KUvKKAVYmPn2QRy9nj2Okkk1Y30Q=\""},{"Name":"Last-Modified","Value":"Wed, 23 Jul 2025 07:03:06 GMT"}],"EndpointProperties":[{"Name":"fingerprint","Value":"xof9stdpbc"},{"Name":"integrity","Value":"sha256-Twi0s3gFhiy223+KUvKKAVYmPn2QRy9nj2Okkk1Y30Q="},{"Name":"label","Value":"_content/KupaKuper_BlazorUI/css/reboot.css"}]},{"Route":"_content/KupaKuper_BlazorUI/exampleJsInterop.6pqz8bsss0.js","AssetFile":"_content/KupaKuper_BlazorUI/exampleJsInterop.js","Selectors":[],"ResponseHeaders":[{"Name":"Accept-Ranges","Value":"bytes"},{"Name":"Cache-Control","Value":"max-age=31536000, immutable"},{"Name":"Content-Length","Value":"247"},{"Name":"Content-Type","Value":"text/javascript"},{"Name":"ETag","Value":"\"FrrTtczTUEHjkhc/zWRPC7CmxeXI0JCZGc1+76qQ8B4=\""},{"Name":"Last-Modified","Value":"Mon, 26 May 2025 04:20:03 GMT"}],"EndpointProperties":[{"Name":"fingerprint","Value":"6pqz8bsss0"},{"Name":"integrity","Value":"sha256-FrrTtczTUEHjkhc/zWRPC7CmxeXI0JCZGc1+76qQ8B4="},{"Name":"label","Value":"_content/KupaKuper_BlazorUI/exampleJsInterop.js"}]},{"Route":"_content/KupaKuper_BlazorUI/exampleJsInterop.js","AssetFile":"_content/KupaKuper_BlazorUI/exampleJsInterop.js","Selectors":[],"ResponseHeaders":[{"Name":"Accept-Ranges","Value":"bytes"},{"Name":"Cache-Control","Value":"no-cache"},{"Name":"Content-Length","Value":"247"},{"Name":"Content-Type","Value":"text/javascript"},{"Name":"ETag","Value":"\"FrrTtczTUEHjkhc/zWRPC7CmxeXI0JCZGc1+76qQ8B4=\""},{"Name":"Last-Modified","Value":"Mon, 26 May 2025 04:20:03 GMT"}],"EndpointProperties":[{"Name":"integrity","Value":"sha256-FrrTtczTUEHjkhc/zWRPC7CmxeXI0JCZGc1+76qQ8B4="}]},{"Route":"bootstrap/bootstrap.min.6gzpyzhau4.css","AssetFile":"bootstrap/bootstrap.min.css","Selectors":[],"ResponseHeaders":[{"Name":"Accept-Ranges","Value":"bytes"},{"Name":"Cache-Control","Value":"max-age=31536000, immutable"},{"Name":"Content-Length","Value":"162726"},{"Name":"Content-Type","Value":"text/css"},{"Name":"ETag","Value":"\"SiIVMGgRhdXjKSTIddX7mh9IbOXVcwQWc7/p4nS6D/0=\""},{"Name":"Last-Modified","Value":"Wed, 23 Apr 2025 08:13:29 GMT"}],"EndpointProperties":[{"Name":"fingerprint","Value":"6gzpyzhau4"},{"Name":"integrity","Value":"sha256-SiIVMGgRhdXjKSTIddX7mh9IbOXVcwQWc7/p4nS6D/0="},{"Name":"label","Value":"bootstrap/bootstrap.min.css"}]},{"Route":"bootstrap/bootstrap.min.css","AssetFile":"bootstrap/bootstrap.min.css","Selectors":[],"ResponseHeaders":[{"Name":"Accept-Ranges","Value":"bytes"},{"Name":"Cache-Control","Value":"no-cache"},{"Name":"Content-Length","Value":"162726"},{"Name":"Content-Type","Value":"text/css"},{"Name":"ETag","Value":"\"SiIVMGgRhdXjKSTIddX7mh9IbOXVcwQWc7/p4nS6D/0=\""},{"Name":"Last-Modified","Value":"Wed, 23 Apr 2025 08:13:29 GMT"}],"EndpointProperties":[{"Name":"integrity","Value":"sha256-SiIVMGgRhdXjKSTIddX7mh9IbOXVcwQWc7/p4nS6D/0="}]},{"Route":"bootstrap/bootstrap.min.css.8inm30yfxf.map","AssetFile":"bootstrap/bootstrap.min.css.map","Selectors":[],"ResponseHeaders":[{"Name":"Accept-Ranges","Value":"bytes"},{"Name":"Cache-Control","Value":"max-age=31536000, immutable"},{"Name":"Content-Length","Value":"449111"},{"Name":"Content-Type","Value":"text/plain"},{"Name":"ETag","Value":"\"gBwg2tmA0Ci2u54gMF1jNCVku6vznarkLS6D76htNNQ=\""},{"Name":"Last-Modified","Value":"Wed, 23 Apr 2025 08:13:29 GMT"}],"EndpointProperties":[{"Name":"fingerprint","Value":"8inm30yfxf"},{"Name":"integrity","Value":"sha256-gBwg2tmA0Ci2u54gMF1jNCVku6vznarkLS6D76htNNQ="},{"Name":"label","Value":"bootstrap/bootstrap.min.css.map"}]},{"Route":"bootstrap/bootstrap.min.css.map","AssetFile":"bootstrap/bootstrap.min.css.map","Selectors":[],"ResponseHeaders":[{"Name":"Accept-Ranges","Value":"bytes"},{"Name":"Cache-Control","Value":"no-cache"},{"Name":"Content-Length","Value":"449111"},{"Name":"Content-Type","Value":"text/plain"},{"Name":"ETag","Value":"\"gBwg2tmA0Ci2u54gMF1jNCVku6vznarkLS6D76htNNQ=\""},{"Name":"Last-Modified","Value":"Wed, 23 Apr 2025 08:13:29 GMT"}],"EndpointProperties":[{"Name":"integrity","Value":"sha256-gBwg2tmA0Ci2u54gMF1jNCVku6vznarkLS6D76htNNQ="}]},{"Route":"css/app.css","AssetFile":"css/app.css","Selectors":[],"ResponseHeaders":[{"Name":"Accept-Ranges","Value":"bytes"},{"Name":"Cache-Control","Value":"no-cache"},{"Name":"Content-Length","Value":"6801"},{"Name":"Content-Type","Value":"text/css"},{"Name":"ETag","Value":"\"3AhluUrvTMpjENnnLnrYjeiQS5rgMKiTEd/TrFkl/l4=\""},{"Name":"Last-Modified","Value":"Wed, 30 Jul 2025 06:15:47 GMT"}],"EndpointProperties":[{"Name":"integrity","Value":"sha256-3AhluUrvTMpjENnnLnrYjeiQS5rgMKiTEd/TrFkl/l4="}]},{"Route":"css/app.skfgy93onm.css","AssetFile":"css/app.css","Selectors":[],"ResponseHeaders":[{"Name":"Accept-Ranges","Value":"bytes"},{"Name":"Cache-Control","Value":"max-age=31536000, immutable"},{"Name":"Content-Length","Value":"6801"},{"Name":"Content-Type","Value":"text/css"},{"Name":"ETag","Value":"\"3AhluUrvTMpjENnnLnrYjeiQS5rgMKiTEd/TrFkl/l4=\""},{"Name":"Last-Modified","Value":"Wed, 30 Jul 2025 06:15:47 GMT"}],"EndpointProperties":[{"Name":"fingerprint","Value":"skfgy93onm"},{"Name":"integrity","Value":"sha256-3AhluUrvTMpjENnnLnrYjeiQS5rgMKiTEd/TrFkl/l4="},{"Name":"label","Value":"css/app.css"}]},{"Route":"css/reboot.01apbqdbyp.css","AssetFile":"css/reboot.css","Selectors":[],"ResponseHeaders":[{"Name":"Accept-Ranges","Value":"bytes"},{"Name":"Cache-Control","Value":"max-age=31536000, immutable"},{"Name":"Content-Length","Value":"120"},{"Name":"Content-Type","Value":"text/css"},{"Name":"ETag","Value":"\"BCKXq3cdNDZJhoGhfnTz957nfzFQuURjmwC2CGc3hdo=\""},{"Name":"Last-Modified","Value":"Wed, 23 Jul 2025 07:01:46 GMT"}],"EndpointProperties":[{"Name":"fingerprint","Value":"01apbqdbyp"},{"Name":"integrity","Value":"sha256-BCKXq3cdNDZJhoGhfnTz957nfzFQuURjmwC2CGc3hdo="},{"Name":"label","Value":"css/reboot.css"}]},{"Route":"css/reboot.css","AssetFile":"css/reboot.css","Selectors":[],"ResponseHeaders":[{"Name":"Accept-Ranges","Value":"bytes"},{"Name":"Cache-Control","Value":"no-cache"},{"Name":"Content-Length","Value":"120"},{"Name":"Content-Type","Value":"text/css"},{"Name":"ETag","Value":"\"BCKXq3cdNDZJhoGhfnTz957nfzFQuURjmwC2CGc3hdo=\""},{"Name":"Last-Modified","Value":"Wed, 23 Jul 2025 07:01:46 GMT"}],"EndpointProperties":[{"Name":"integrity","Value":"sha256-BCKXq3cdNDZJhoGhfnTz957nfzFQuURjmwC2CGc3hdo="}]},{"Route":"exampleJsInterop.js","AssetFile":"exampleJsInterop.js","Selectors":[],"ResponseHeaders":[{"Name":"Accept-Ranges","Value":"bytes"},{"Name":"Cache-Control","Value":"no-cache"},{"Name":"Content-Length","Value":"249"},{"Name":"Content-Type","Value":"text/javascript"},{"Name":"ETag","Value":"\"oHgcKE0yV//6GuXyrZnU+HtOlmEG/Onx7R8lbXGX/qc=\""},{"Name":"Last-Modified","Value":"Thu, 26 Jun 2025 03:08:40 GMT"}],"EndpointProperties":[{"Name":"integrity","Value":"sha256-oHgcKE0yV//6GuXyrZnU+HtOlmEG/Onx7R8lbXGX/qc="}]},{"Route":"exampleJsInterop.knt9hmwfzx.js","AssetFile":"exampleJsInterop.js","Selectors":[],"ResponseHeaders":[{"Name":"Accept-Ranges","Value":"bytes"},{"Name":"Cache-Control","Value":"max-age=31536000, immutable"},{"Name":"Content-Length","Value":"249"},{"Name":"Content-Type","Value":"text/javascript"},{"Name":"ETag","Value":"\"oHgcKE0yV//6GuXyrZnU+HtOlmEG/Onx7R8lbXGX/qc=\""},{"Name":"Last-Modified","Value":"Thu, 26 Jun 2025 03:08:40 GMT"}],"EndpointProperties":[{"Name":"fingerprint","Value":"knt9hmwfzx"},{"Name":"integrity","Value":"sha256-oHgcKE0yV//6GuXyrZnU+HtOlmEG/Onx7R8lbXGX/qc="},{"Name":"label","Value":"exampleJsInterop.js"}]},{"Route":"iconfont/iconfont.0z6ux1n5vx.woff","AssetFile":"iconfont/iconfont.woff","Selectors":[],"ResponseHeaders":[{"Name":"Accept-Ranges","Value":"bytes"},{"Name":"Cache-Control","Value":"max-age=31536000, immutable"},{"Name":"Content-Length","Value":"7352"},{"Name":"Content-Type","Value":"application/font-woff"},{"Name":"ETag","Value":"\"zJMylfSrDB8Ac/WY7ABTHhaSRs238NyyG9B1gN6I/M4=\""},{"Name":"Last-Modified","Value":"Fri, 25 Jul 2025 07:32:33 GMT"}],"EndpointProperties":[{"Name":"fingerprint","Value":"0z6ux1n5vx"},{"Name":"integrity","Value":"sha256-zJMylfSrDB8Ac/WY7ABTHhaSRs238NyyG9B1gN6I/M4="},{"Name":"label","Value":"iconfont/iconfont.woff"}]},{"Route":"iconfont/iconfont.8qxwlgc28i.css","AssetFile":"iconfont/iconfont.css","Selectors":[],"ResponseHeaders":[{"Name":"Accept-Ranges","Value":"bytes"},{"Name":"Cache-Control","Value":"max-age=31536000, immutable"},{"Name":"Content-Length","Value":"2587"},{"Name":"Content-Type","Value":"text/css"},{"Name":"ETag","Value":"\"wCfNE89YZfh2TbAFYq0xb+nt4nLTpNNcd86vPDuJDNw=\""},{"Name":"Last-Modified","Value":"Fri, 25 Jul 2025 07:32:33 GMT"}],"EndpointProperties":[{"Name":"fingerprint","Value":"8qxwlgc28i"},{"Name":"integrity","Value":"sha256-wCfNE89YZfh2TbAFYq0xb+nt4nLTpNNcd86vPDuJDNw="},{"Name":"label","Value":"iconfont/iconfont.css"}]},{"Route":"iconfont/iconfont.a1g5hovgwr.woff2","AssetFile":"iconfont/iconfont.woff2","Selectors":[],"ResponseHeaders":[{"Name":"Accept-Ranges","Value":"bytes"},{"Name":"Cache-Control","Value":"max-age=31536000, immutable"},{"Name":"Content-Length","Value":"6268"},{"Name":"Content-Type","Value":"font/woff2"},{"Name":"ETag","Value":"\"kh4GrquXL+qjqIpkunwkVbcaKxRfRNjP4eUmXfUpZqc=\""},{"Name":"Last-Modified","Value":"Fri, 25 Jul 2025 07:32:33 GMT"}],"EndpointProperties":[{"Name":"fingerprint","Value":"a1g5hovgwr"},{"Name":"integrity","Value":"sha256-kh4GrquXL+qjqIpkunwkVbcaKxRfRNjP4eUmXfUpZqc="},{"Name":"label","Value":"iconfont/iconfont.woff2"}]},{"Route":"iconfont/iconfont.css","AssetFile":"iconfont/iconfont.css","Selectors":[],"ResponseHeaders":[{"Name":"Accept-Ranges","Value":"bytes"},{"Name":"Cache-Control","Value":"no-cache"},{"Name":"Content-Length","Value":"2587"},{"Name":"Content-Type","Value":"text/css"},{"Name":"ETag","Value":"\"wCfNE89YZfh2TbAFYq0xb+nt4nLTpNNcd86vPDuJDNw=\""},{"Name":"Last-Modified","Value":"Fri, 25 Jul 2025 07:32:33 GMT"}],"EndpointProperties":[{"Name":"integrity","Value":"sha256-wCfNE89YZfh2TbAFYq0xb+nt4nLTpNNcd86vPDuJDNw="}]},{"Route":"iconfont/iconfont.eo5m827rl4.ttf","AssetFile":"iconfont/iconfont.ttf","Selectors":[],"ResponseHeaders":[{"Name":"Accept-Ranges","Value":"bytes"},{"Name":"Cache-Control","Value":"max-age=31536000, immutable"},{"Name":"Content-Length","Value":"11492"},{"Name":"Content-Type","Value":"application/x-font-ttf"},{"Name":"ETag","Value":"\"wrn+qMR1Z0i9bkwosjjOVh8Fca8kvwZbrPtRGO++XVk=\""},{"Name":"Last-Modified","Value":"Fri, 25 Jul 2025 07:32:33 GMT"}],"EndpointProperties":[{"Name":"fingerprint","Value":"eo5m827rl4"},{"Name":"integrity","Value":"sha256-wrn+qMR1Z0i9bkwosjjOVh8Fca8kvwZbrPtRGO++XVk="},{"Name":"label","Value":"iconfont/iconfont.ttf"}]},{"Route":"iconfont/iconfont.ttf","AssetFile":"iconfont/iconfont.ttf","Selectors":[],"ResponseHeaders":[{"Name":"Accept-Ranges","Value":"bytes"},{"Name":"Cache-Control","Value":"no-cache"},{"Name":"Content-Length","Value":"11492"},{"Name":"Content-Type","Value":"application/x-font-ttf"},{"Name":"ETag","Value":"\"wrn+qMR1Z0i9bkwosjjOVh8Fca8kvwZbrPtRGO++XVk=\""},{"Name":"Last-Modified","Value":"Fri, 25 Jul 2025 07:32:33 GMT"}],"EndpointProperties":[{"Name":"integrity","Value":"sha256-wrn+qMR1Z0i9bkwosjjOVh8Fca8kvwZbrPtRGO++XVk="}]},{"Route":"iconfont/iconfont.woff","AssetFile":"iconfont/iconfont.woff","Selectors":[],"ResponseHeaders":[{"Name":"Accept-Ranges","Value":"bytes"},{"Name":"Cache-Control","Value":"no-cache"},{"Name":"Content-Length","Value":"7352"},{"Name":"Content-Type","Value":"application/font-woff"},{"Name":"ETag","Value":"\"zJMylfSrDB8Ac/WY7ABTHhaSRs238NyyG9B1gN6I/M4=\""},{"Name":"Last-Modified","Value":"Fri, 25 Jul 2025 07:32:33 GMT"}],"EndpointProperties":[{"Name":"integrity","Value":"sha256-zJMylfSrDB8Ac/WY7ABTHhaSRs238NyyG9B1gN6I/M4="}]},{"Route":"iconfont/iconfont.woff2","AssetFile":"iconfont/iconfont.woff2","Selectors":[],"ResponseHeaders":[{"Name":"Accept-Ranges","Value":"bytes"},{"Name":"Cache-Control","Value":"no-cache"},{"Name":"Content-Length","Value":"6268"},{"Name":"Content-Type","Value":"font/woff2"},{"Name":"ETag","Value":"\"kh4GrquXL+qjqIpkunwkVbcaKxRfRNjP4eUmXfUpZqc=\""},{"Name":"Last-Modified","Value":"Fri, 25 Jul 2025 07:32:33 GMT"}],"EndpointProperties":[{"Name":"integrity","Value":"sha256-kh4GrquXL+qjqIpkunwkVbcaKxRfRNjP4eUmXfUpZqc="}]},{"Route":"image/background.png","AssetFile":"image/background.png","Selectors":[],"ResponseHeaders":[{"Name":"Accept-Ranges","Value":"bytes"},{"Name":"Cache-Control","Value":"no-cache"},{"Name":"Content-Length","Value":"378"},{"Name":"Content-Type","Value":"image/png"},{"Name":"ETag","Value":"\"WeOKCkI7IdJHs2kCqsKgLfiWX4/sNPbaRUspOLefkCY=\""},{"Name":"Last-Modified","Value":"Fri, 16 May 2025 07:01:00 GMT"}],"EndpointProperties":[{"Name":"integrity","Value":"sha256-WeOKCkI7IdJHs2kCqsKgLfiWX4/sNPbaRUspOLefkCY="}]},{"Route":"image/background.x2rx4ajns0.png","AssetFile":"image/background.png","Selectors":[],"ResponseHeaders":[{"Name":"Accept-Ranges","Value":"bytes"},{"Name":"Cache-Control","Value":"max-age=31536000, immutable"},{"Name":"Content-Length","Value":"378"},{"Name":"Content-Type","Value":"image/png"},{"Name":"ETag","Value":"\"WeOKCkI7IdJHs2kCqsKgLfiWX4/sNPbaRUspOLefkCY=\""},{"Name":"Last-Modified","Value":"Fri, 16 May 2025 07:01:00 GMT"}],"EndpointProperties":[{"Name":"fingerprint","Value":"x2rx4ajns0"},{"Name":"integrity","Value":"sha256-WeOKCkI7IdJHs2kCqsKgLfiWX4/sNPbaRUspOLefkCY="},{"Name":"label","Value":"image/background.png"}]},{"Route":"image/hjh.png","AssetFile":"image/hjh.png","Selectors":[],"ResponseHeaders":[{"Name":"Accept-Ranges","Value":"bytes"},{"Name":"Cache-Control","Value":"no-cache"},{"Name":"Content-Length","Value":"133220"},{"Name":"Content-Type","Value":"image/png"},{"Name":"ETag","Value":"\"oBuxpLH8nbVfXODzjqBT0QQVI6QhnilMhcb6AnYa5i0=\""},{"Name":"Last-Modified","Value":"Mon, 21 Jul 2025 04:40:23 GMT"}],"EndpointProperties":[{"Name":"integrity","Value":"sha256-oBuxpLH8nbVfXODzjqBT0QQVI6QhnilMhcb6AnYa5i0="}]},{"Route":"image/hjh.spsthhtiif.png","AssetFile":"image/hjh.png","Selectors":[],"ResponseHeaders":[{"Name":"Accept-Ranges","Value":"bytes"},{"Name":"Cache-Control","Value":"max-age=31536000, immutable"},{"Name":"Content-Length","Value":"133220"},{"Name":"Content-Type","Value":"image/png"},{"Name":"ETag","Value":"\"oBuxpLH8nbVfXODzjqBT0QQVI6QhnilMhcb6AnYa5i0=\""},{"Name":"Last-Modified","Value":"Mon, 21 Jul 2025 04:40:23 GMT"}],"EndpointProperties":[{"Name":"fingerprint","Value":"spsthhtiif"},{"Name":"integrity","Value":"sha256-oBuxpLH8nbVfXODzjqBT0QQVI6QhnilMhcb6AnYa5i0="},{"Name":"label","Value":"image/hjh.png"}]},{"Route":"js/app.bubjo9gs56.js","AssetFile":"js/app.js","Selectors":[],"ResponseHeaders":[{"Name":"Accept-Ranges","Value":"bytes"},{"Name":"Cache-Control","Value":"max-age=31536000, immutable"},{"Name":"Content-Length","Value":"416"},{"Name":"Content-Type","Value":"text/javascript"},{"Name":"ETag","Value":"\"s55RpuskLCJZVF9Gc/GxI1sjCJTjI1RqhqAFXNokOpc=\""},{"Name":"Last-Modified","Value":"Tue, 01 Jul 2025 02:18:02 GMT"}],"EndpointProperties":[{"Name":"fingerprint","Value":"bubjo9gs56"},{"Name":"integrity","Value":"sha256-s55RpuskLCJZVF9Gc/GxI1sjCJTjI1RqhqAFXNokOpc="},{"Name":"label","Value":"js/app.js"}]},{"Route":"js/app.js","AssetFile":"js/app.js","Selectors":[],"ResponseHeaders":[{"Name":"Accept-Ranges","Value":"bytes"},{"Name":"Cache-Control","Value":"no-cache"},{"Name":"Content-Length","Value":"416"},{"Name":"Content-Type","Value":"text/javascript"},{"Name":"ETag","Value":"\"s55RpuskLCJZVF9Gc/GxI1sjCJTjI1RqhqAFXNokOpc=\""},{"Name":"Last-Modified","Value":"Tue, 01 Jul 2025 02:18:02 GMT"}],"EndpointProperties":[{"Name":"integrity","Value":"sha256-s55RpuskLCJZVF9Gc/GxI1sjCJTjI1RqhqAFXNokOpc="}]}]}